"fips","state","age","est_date","population"
1,"ALABAMA",5,"2020-04-01",61522
1,"ALABAMA",6,"2020-04-01",60680
1,"ALABAMA",7,"2020-04-01",60205
1,"ALABAMA",8,"2020-04-01",61254
1,"ALABAMA",9,"2020-04-01",61780
1,"ALABAMA",10,"2020-04-01",63538
1,"ALABAMA",11,"2020-04-01",65968
1,"ALABAMA",12,"2020-04-01",67932
1,"ALABAMA",13,"2020-04-01",67048
1,"ALABAMA",14,"2020-04-01",65220
1,"ALABAMA",15,"2020-04-01",64551
1,"ALABAMA",16,"2020-04-01",65080
1,"ALABAMA",17,"2020-04-01",64450
2,"ALASKA",5,"2020-04-01",10352
2,"ALASKA",6,"2020-04-01",10319
2,"ALASKA",7,"2020-04-01",10308
2,"ALASKA",8,"2020-04-01",10396
2,"ALASKA",9,"2020-04-01",10388
2,"ALASKA",10,"2020-04-01",10292
2,"ALASKA",11,"2020-04-01",10406
2,"ALASKA",12,"2020-04-01",10408
2,"ALASKA",13,"2020-04-01",10157
2,"ALASKA",14,"2020-04-01",9729
2,"ALASKA",15,"2020-04-01",9773
2,"ALASKA",16,"2020-04-01",9609
2,"ALASKA",17,"2020-04-01",9537
4,"ARIZONA",5,"2020-04-01",88767
4,"ARIZONA",6,"2020-04-01",88472
4,"ARIZONA",7,"2020-04-01",88301
4,"ARIZONA",8,"2020-04-01",88476
4,"ARIZONA",9,"2020-04-01",89188
4,"ARIZONA",10,"2020-04-01",91892
4,"ARIZONA",11,"2020-04-01",95678
4,"ARIZONA",12,"2020-04-01",99470
4,"ARIZONA",13,"2020-04-01",98954
4,"ARIZONA",14,"2020-04-01",96059
4,"ARIZONA",15,"2020-04-01",94768
4,"ARIZONA",16,"2020-04-01",94507
4,"ARIZONA",17,"2020-04-01",92018
5,"ARKANSAS",5,"2020-04-01",38630
5,"ARKANSAS",6,"2020-04-01",38044
5,"ARKANSAS",7,"2020-04-01",38005
5,"ARKANSAS",8,"2020-04-01",38647
5,"ARKANSAS",9,"2020-04-01",38747
5,"ARKANSAS",10,"2020-04-01",39906
5,"ARKANSAS",11,"2020-04-01",41101
5,"ARKANSAS",12,"2020-04-01",42597
5,"ARKANSAS",13,"2020-04-01",42562
5,"ARKANSAS",14,"2020-04-01",41137
5,"ARKANSAS",15,"2020-04-01",40638
5,"ARKANSAS",16,"2020-04-01",40738
5,"ARKANSAS",17,"2020-04-01",40220
6,"CALIFORNIA",5,"2020-04-01",495278
6,"CALIFORNIA",6,"2020-04-01",490958
6,"CALIFORNIA",7,"2020-04-01",494655
6,"CALIFORNIA",8,"2020-04-01",496041
6,"CALIFORNIA",9,"2020-04-01",503104
6,"CALIFORNIA",10,"2020-04-01",506920
6,"CALIFORNIA",11,"2020-04-01",519686
6,"CALIFORNIA",12,"2020-04-01",539024
6,"CALIFORNIA",13,"2020-04-01",535111
6,"CALIFORNIA",14,"2020-04-01",522001
6,"CALIFORNIA",15,"2020-04-01",517256
6,"CALIFORNIA",16,"2020-04-01",518398
6,"CALIFORNIA",17,"2020-04-01",512805
8,"COLORADO",5,"2020-04-01",68376
8,"COLORADO",6,"2020-04-01",67991
8,"COLORADO",7,"2020-04-01",67893
8,"COLORADO",8,"2020-04-01",69049
8,"COLORADO",9,"2020-04-01",70541
8,"COLORADO",10,"2020-04-01",72845
8,"COLORADO",11,"2020-04-01",74414
8,"COLORADO",12,"2020-04-01",76259
8,"COLORADO",13,"2020-04-01",76288
8,"COLORADO",14,"2020-04-01",74775
8,"COLORADO",15,"2020-04-01",74363
8,"COLORADO",16,"2020-04-01",75007
8,"COLORADO",17,"2020-04-01",73438
9,"CONNECTICUT",5,"2020-04-01",38627
9,"CONNECTICUT",6,"2020-04-01",38558
9,"CONNECTICUT",7,"2020-04-01",39009
9,"CONNECTICUT",8,"2020-04-01",39718
9,"CONNECTICUT",9,"2020-04-01",40679
9,"CONNECTICUT",10,"2020-04-01",41957
9,"CONNECTICUT",11,"2020-04-01",43671
9,"CONNECTICUT",12,"2020-04-01",45389
9,"CONNECTICUT",13,"2020-04-01",45884
9,"CONNECTICUT",14,"2020-04-01",45903
9,"CONNECTICUT",15,"2020-04-01",46315
9,"CONNECTICUT",16,"2020-04-01",47167
9,"CONNECTICUT",17,"2020-04-01",47148
10,"DELAWARE",5,"2020-04-01",11272
10,"DELAWARE",6,"2020-04-01",11257
10,"DELAWARE",7,"2020-04-01",11260
10,"DELAWARE",8,"2020-04-01",11622
10,"DELAWARE",9,"2020-04-01",11689
10,"DELAWARE",10,"2020-04-01",11840
10,"DELAWARE",11,"2020-04-01",12125
10,"DELAWARE",12,"2020-04-01",12398
10,"DELAWARE",13,"2020-04-01",12295
10,"DELAWARE",14,"2020-04-01",12105
10,"DELAWARE",15,"2020-04-01",12036
10,"DELAWARE",16,"2020-04-01",12143
10,"DELAWARE",17,"2020-04-01",12063
11,"DISTRICT OF COLUMBIA",5,"2020-04-01",8157
11,"DISTRICT OF COLUMBIA",6,"2020-04-01",7617
11,"DISTRICT OF COLUMBIA",7,"2020-04-01",7677
11,"DISTRICT OF COLUMBIA",8,"2020-04-01",7462
11,"DISTRICT OF COLUMBIA",9,"2020-04-01",7014
11,"DISTRICT OF COLUMBIA",10,"2020-04-01",6578
11,"DISTRICT OF COLUMBIA",11,"2020-04-01",6321
11,"DISTRICT OF COLUMBIA",12,"2020-04-01",6186
11,"DISTRICT OF COLUMBIA",13,"2020-04-01",5909
11,"DISTRICT OF COLUMBIA",14,"2020-04-01",5438
11,"DISTRICT OF COLUMBIA",15,"2020-04-01",5157
11,"DISTRICT OF COLUMBIA",16,"2020-04-01",5100
11,"DISTRICT OF COLUMBIA",17,"2020-04-01",5119
12,"FLORIDA",5,"2020-04-01",233966
12,"FLORIDA",6,"2020-04-01",233369
12,"FLORIDA",7,"2020-04-01",232150
12,"FLORIDA",8,"2020-04-01",234793
12,"FLORIDA",9,"2020-04-01",236192
12,"FLORIDA",10,"2020-04-01",240682
12,"FLORIDA",11,"2020-04-01",247672
12,"FLORIDA",12,"2020-04-01",257039
12,"FLORIDA",13,"2020-04-01",256840
12,"FLORIDA",14,"2020-04-01",251515
12,"FLORIDA",15,"2020-04-01",247694
12,"FLORIDA",16,"2020-04-01",247229
12,"FLORIDA",17,"2020-04-01",242444
13,"GEORGIA",5,"2020-04-01",136687
13,"GEORGIA",6,"2020-04-01",135466
13,"GEORGIA",7,"2020-04-01",136160
13,"GEORGIA",8,"2020-04-01",138992
13,"GEORGIA",9,"2020-04-01",140417
13,"GEORGIA",10,"2020-04-01",144559
13,"GEORGIA",11,"2020-04-01",149685
13,"GEORGIA",12,"2020-04-01",155555
13,"GEORGIA",13,"2020-04-01",155218
13,"GEORGIA",14,"2020-04-01",151936
13,"GEORGIA",15,"2020-04-01",149493
13,"GEORGIA",16,"2020-04-01",150477
13,"GEORGIA",17,"2020-04-01",148100
15,"HAWAII",5,"2020-04-01",18062
15,"HAWAII",6,"2020-04-01",18181
15,"HAWAII",7,"2020-04-01",18493
15,"HAWAII",8,"2020-04-01",18095
15,"HAWAII",9,"2020-04-01",17870
15,"HAWAII",10,"2020-04-01",17097
15,"HAWAII",11,"2020-04-01",17107
15,"HAWAII",12,"2020-04-01",17422
15,"HAWAII",13,"2020-04-01",16782
15,"HAWAII",14,"2020-04-01",16274
15,"HAWAII",15,"2020-04-01",16251
15,"HAWAII",16,"2020-04-01",16357
15,"HAWAII",17,"2020-04-01",15891
16,"IDAHO",5,"2020-04-01",25154
16,"IDAHO",6,"2020-04-01",24811
16,"IDAHO",7,"2020-04-01",25143
16,"IDAHO",8,"2020-04-01",25139
16,"IDAHO",9,"2020-04-01",25765
16,"IDAHO",10,"2020-04-01",26833
16,"IDAHO",11,"2020-04-01",27662
16,"IDAHO",12,"2020-04-01",28602
16,"IDAHO",13,"2020-04-01",28514
16,"IDAHO",14,"2020-04-01",27698
16,"IDAHO",15,"2020-04-01",27563
16,"IDAHO",16,"2020-04-01",27484
16,"IDAHO",17,"2020-04-01",26531
17,"ILLINOIS",5,"2020-04-01",155805
17,"ILLINOIS",6,"2020-04-01",153053
17,"ILLINOIS",7,"2020-04-01",153828
17,"ILLINOIS",8,"2020-04-01",155602
17,"ILLINOIS",9,"2020-04-01",157951
17,"ILLINOIS",10,"2020-04-01",162738
17,"ILLINOIS",11,"2020-04-01",166825
17,"ILLINOIS",12,"2020-04-01",172222
17,"ILLINOIS",13,"2020-04-01",172456
17,"ILLINOIS",14,"2020-04-01",169821
17,"ILLINOIS",15,"2020-04-01",169751
17,"ILLINOIS",16,"2020-04-01",172735
17,"ILLINOIS",17,"2020-04-01",170415
18,"INDIANA",5,"2020-04-01",87295
18,"INDIANA",6,"2020-04-01",86646
18,"INDIANA",7,"2020-04-01",87109
18,"INDIANA",8,"2020-04-01",87142
18,"INDIANA",9,"2020-04-01",87506
18,"INDIANA",10,"2020-04-01",90126
18,"INDIANA",11,"2020-04-01",92584
18,"INDIANA",12,"2020-04-01",95438
18,"INDIANA",13,"2020-04-01",95031
18,"INDIANA",14,"2020-04-01",93112
18,"INDIANA",15,"2020-04-01",92358
18,"INDIANA",16,"2020-04-01",93818
18,"INDIANA",17,"2020-04-01",92299
19,"IOWA",5,"2020-04-01",40954
19,"IOWA",6,"2020-04-01",40607
19,"IOWA",7,"2020-04-01",40409
19,"IOWA",8,"2020-04-01",40037
19,"IOWA",9,"2020-04-01",40140
19,"IOWA",10,"2020-04-01",42316
19,"IOWA",11,"2020-04-01",43672
19,"IOWA",12,"2020-04-01",44818
19,"IOWA",13,"2020-04-01",44678
19,"IOWA",14,"2020-04-01",43377
19,"IOWA",15,"2020-04-01",42613
19,"IOWA",16,"2020-04-01",42887
19,"IOWA",17,"2020-04-01",42248
20,"KANSAS",5,"2020-04-01",38829
20,"KANSAS",6,"2020-04-01",39014
20,"KANSAS",7,"2020-04-01",39248
20,"KANSAS",8,"2020-04-01",39384
20,"KANSAS",9,"2020-04-01",39929
20,"KANSAS",10,"2020-04-01",41211
20,"KANSAS",11,"2020-04-01",41830
20,"KANSAS",12,"2020-04-01",42752
20,"KANSAS",13,"2020-04-01",42427
20,"KANSAS",14,"2020-04-01",41420
20,"KANSAS",15,"2020-04-01",40783
20,"KANSAS",16,"2020-04-01",41334
20,"KANSAS",17,"2020-04-01",40826
21,"KENTUCKY",5,"2020-04-01",56067
21,"KENTUCKY",6,"2020-04-01",55921
21,"KENTUCKY",7,"2020-04-01",55994
21,"KENTUCKY",8,"2020-04-01",55568
21,"KENTUCKY",9,"2020-04-01",55585
21,"KENTUCKY",10,"2020-04-01",57014
21,"KENTUCKY",11,"2020-04-01",59079
21,"KENTUCKY",12,"2020-04-01",60590
21,"KENTUCKY",13,"2020-04-01",60590
21,"KENTUCKY",14,"2020-04-01",58959
21,"KENTUCKY",15,"2020-04-01",58635
21,"KENTUCKY",16,"2020-04-01",59089
21,"KENTUCKY",17,"2020-04-01",58324
22,"LOUISIANA",5,"2020-04-01",61562
22,"LOUISIANA",6,"2020-04-01",61040
22,"LOUISIANA",7,"2020-04-01",59831
22,"LOUISIANA",8,"2020-04-01",59686
22,"LOUISIANA",9,"2020-04-01",60018
22,"LOUISIANA",10,"2020-04-01",61435
22,"LOUISIANA",11,"2020-04-01",63685
22,"LOUISIANA",12,"2020-04-01",65602
22,"LOUISIANA",13,"2020-04-01",64929
22,"LOUISIANA",14,"2020-04-01",62412
22,"LOUISIANA",15,"2020-04-01",61347
22,"LOUISIANA",16,"2020-04-01",61254
22,"LOUISIANA",17,"2020-04-01",60555
23,"MAINE",5,"2020-04-01",13485
23,"MAINE",6,"2020-04-01",13552
23,"MAINE",7,"2020-04-01",13595
23,"MAINE",8,"2020-04-01",13595
23,"MAINE",9,"2020-04-01",13760
23,"MAINE",10,"2020-04-01",14534
23,"MAINE",11,"2020-04-01",14891
23,"MAINE",12,"2020-04-01",15439
23,"MAINE",13,"2020-04-01",15510
23,"MAINE",14,"2020-04-01",15408
23,"MAINE",15,"2020-04-01",15444
23,"MAINE",16,"2020-04-01",15854
23,"MAINE",17,"2020-04-01",15794
24,"MARYLAND",5,"2020-04-01",75699
24,"MARYLAND",6,"2020-04-01",74775
24,"MARYLAND",7,"2020-04-01",75064
24,"MARYLAND",8,"2020-04-01",76090
24,"MARYLAND",9,"2020-04-01",76971
24,"MARYLAND",10,"2020-04-01",78291
24,"MARYLAND",11,"2020-04-01",79595
24,"MARYLAND",12,"2020-04-01",82206
24,"MARYLAND",13,"2020-04-01",81303
24,"MARYLAND",14,"2020-04-01",79205
24,"MARYLAND",15,"2020-04-01",78482
24,"MARYLAND",16,"2020-04-01",79043
24,"MARYLAND",17,"2020-04-01",78095
25,"MASSACHUSETTS",5,"2020-04-01",74353
25,"MASSACHUSETTS",6,"2020-04-01",74208
25,"MASSACHUSETTS",7,"2020-04-01",74932
25,"MASSACHUSETTS",8,"2020-04-01",75606
25,"MASSACHUSETTS",9,"2020-04-01",76522
25,"MASSACHUSETTS",10,"2020-04-01",77648
25,"MASSACHUSETTS",11,"2020-04-01",79605
25,"MASSACHUSETTS",12,"2020-04-01",82226
25,"MASSACHUSETTS",13,"2020-04-01",82391
25,"MASSACHUSETTS",14,"2020-04-01",81799
25,"MASSACHUSETTS",15,"2020-04-01",82718
25,"MASSACHUSETTS",16,"2020-04-01",85359
25,"MASSACHUSETTS",17,"2020-04-01",85784
26,"MICHIGAN",5,"2020-04-01",118300
26,"MICHIGAN",6,"2020-04-01",117996
26,"MICHIGAN",7,"2020-04-01",117557
26,"MICHIGAN",8,"2020-04-01",118274
26,"MICHIGAN",9,"2020-04-01",119255
26,"MICHIGAN",10,"2020-04-01",122867
26,"MICHIGAN",11,"2020-04-01",125740
26,"MICHIGAN",12,"2020-04-01",129529
26,"MICHIGAN",13,"2020-04-01",130352
26,"MICHIGAN",14,"2020-04-01",128725
26,"MICHIGAN",15,"2020-04-01",129089
26,"MICHIGAN",16,"2020-04-01",131942
26,"MICHIGAN",17,"2020-04-01",130535
27,"MINNESOTA",5,"2020-04-01",73704
27,"MINNESOTA",6,"2020-04-01",73466
27,"MINNESOTA",7,"2020-04-01",73158
27,"MINNESOTA",8,"2020-04-01",72982
27,"MINNESOTA",9,"2020-04-01",73186
27,"MINNESOTA",10,"2020-04-01",75600
27,"MINNESOTA",11,"2020-04-01",77250
27,"MINNESOTA",12,"2020-04-01",79288
27,"MINNESOTA",13,"2020-04-01",78766
27,"MINNESOTA",14,"2020-04-01",76963
27,"MINNESOTA",15,"2020-04-01",76445
27,"MINNESOTA",16,"2020-04-01",77240
27,"MINNESOTA",17,"2020-04-01",74953
28,"MISSISSIPPI",5,"2020-04-01",37234
28,"MISSISSIPPI",6,"2020-04-01",37051
28,"MISSISSIPPI",7,"2020-04-01",37107
28,"MISSISSIPPI",8,"2020-04-01",37854
28,"MISSISSIPPI",9,"2020-04-01",38127
28,"MISSISSIPPI",10,"2020-04-01",39746
28,"MISSISSIPPI",11,"2020-04-01",42124
28,"MISSISSIPPI",12,"2020-04-01",43857
28,"MISSISSIPPI",13,"2020-04-01",44099
28,"MISSISSIPPI",14,"2020-04-01",41919
28,"MISSISSIPPI",15,"2020-04-01",40980
28,"MISSISSIPPI",16,"2020-04-01",41154
28,"MISSISSIPPI",17,"2020-04-01",40250
29,"MISSOURI",5,"2020-04-01",76041
29,"MISSOURI",6,"2020-04-01",75703
29,"MISSOURI",7,"2020-04-01",75341
29,"MISSOURI",8,"2020-04-01",75826
29,"MISSOURI",9,"2020-04-01",76529
29,"MISSOURI",10,"2020-04-01",78326
29,"MISSOURI",11,"2020-04-01",80745
29,"MISSOURI",12,"2020-04-01",83219
29,"MISSOURI",13,"2020-04-01",82707
29,"MISSOURI",14,"2020-04-01",81236
29,"MISSOURI",15,"2020-04-01",80003
29,"MISSOURI",16,"2020-04-01",80737
29,"MISSOURI",17,"2020-04-01",79295
30,"MONTANA",5,"2020-04-01",13131
30,"MONTANA",6,"2020-04-01",12973
30,"MONTANA",7,"2020-04-01",12943
30,"MONTANA",8,"2020-04-01",12979
30,"MONTANA",9,"2020-04-01",12995
30,"MONTANA",10,"2020-04-01",13333
30,"MONTANA",11,"2020-04-01",13794
30,"MONTANA",12,"2020-04-01",14215
30,"MONTANA",13,"2020-04-01",14076
30,"MONTANA",14,"2020-04-01",13546
30,"MONTANA",15,"2020-04-01",13264
30,"MONTANA",16,"2020-04-01",13523
30,"MONTANA",17,"2020-04-01",13104
31,"NEBRASKA",5,"2020-04-01",27454
31,"NEBRASKA",6,"2020-04-01",27070
31,"NEBRASKA",7,"2020-04-01",26749
31,"NEBRASKA",8,"2020-04-01",26585
31,"NEBRASKA",9,"2020-04-01",26705
31,"NEBRASKA",10,"2020-04-01",27616
31,"NEBRASKA",11,"2020-04-01",28375
31,"NEBRASKA",12,"2020-04-01",28714
31,"NEBRASKA",13,"2020-04-01",28299
31,"NEBRASKA",14,"2020-04-01",27800
31,"NEBRASKA",15,"2020-04-01",27570
31,"NEBRASKA",16,"2020-04-01",27610
31,"NEBRASKA",17,"2020-04-01",27084
32,"NEVADA",5,"2020-04-01",38696
32,"NEVADA",6,"2020-04-01",38116
32,"NEVADA",7,"2020-04-01",38502
32,"NEVADA",8,"2020-04-01",38413
32,"NEVADA",9,"2020-04-01",39493
32,"NEVADA",10,"2020-04-01",40115
32,"NEVADA",11,"2020-04-01",41198
32,"NEVADA",12,"2020-04-01",42841
32,"NEVADA",13,"2020-04-01",42215
32,"NEVADA",14,"2020-04-01",40762
32,"NEVADA",15,"2020-04-01",39894
32,"NEVADA",16,"2020-04-01",39639
32,"NEVADA",17,"2020-04-01",38996
33,"NEW HAMPSHIRE",5,"2020-04-01",13523
33,"NEW HAMPSHIRE",6,"2020-04-01",13558
33,"NEW HAMPSHIRE",7,"2020-04-01",13898
33,"NEW HAMPSHIRE",8,"2020-04-01",13895
33,"NEW HAMPSHIRE",9,"2020-04-01",14406
33,"NEW HAMPSHIRE",10,"2020-04-01",14667
33,"NEW HAMPSHIRE",11,"2020-04-01",15217
33,"NEW HAMPSHIRE",12,"2020-04-01",15724
33,"NEW HAMPSHIRE",13,"2020-04-01",16031
33,"NEW HAMPSHIRE",14,"2020-04-01",15970
33,"NEW HAMPSHIRE",15,"2020-04-01",16175
33,"NEW HAMPSHIRE",16,"2020-04-01",16634
33,"NEW HAMPSHIRE",17,"2020-04-01",16659
34,"NEW JERSEY",5,"2020-04-01",110317
34,"NEW JERSEY",6,"2020-04-01",109785
34,"NEW JERSEY",7,"2020-04-01",110717
34,"NEW JERSEY",8,"2020-04-01",112022
34,"NEW JERSEY",9,"2020-04-01",113718
34,"NEW JERSEY",10,"2020-04-01",115619
34,"NEW JERSEY",11,"2020-04-01",118191
34,"NEW JERSEY",12,"2020-04-01",122025
34,"NEW JERSEY",13,"2020-04-01",121921
34,"NEW JERSEY",14,"2020-04-01",120222
34,"NEW JERSEY",15,"2020-04-01",120191
34,"NEW JERSEY",16,"2020-04-01",122283
34,"NEW JERSEY",17,"2020-04-01",120959
35,"NEW MEXICO",5,"2020-04-01",25946
35,"NEW MEXICO",6,"2020-04-01",26189
35,"NEW MEXICO",7,"2020-04-01",26412
35,"NEW MEXICO",8,"2020-04-01",26749
35,"NEW MEXICO",9,"2020-04-01",27339
35,"NEW MEXICO",10,"2020-04-01",28248
35,"NEW MEXICO",11,"2020-04-01",29098
35,"NEW MEXICO",12,"2020-04-01",29847
35,"NEW MEXICO",13,"2020-04-01",29664
35,"NEW MEXICO",14,"2020-04-01",28824
35,"NEW MEXICO",15,"2020-04-01",28583
35,"NEW MEXICO",16,"2020-04-01",28621
35,"NEW MEXICO",17,"2020-04-01",28652
36,"NEW YORK",5,"2020-04-01",234317
36,"NEW YORK",6,"2020-04-01",230554
36,"NEW YORK",7,"2020-04-01",232417
36,"NEW YORK",8,"2020-04-01",232992
36,"NEW YORK",9,"2020-04-01",233941
36,"NEW YORK",10,"2020-04-01",233619
36,"NEW YORK",11,"2020-04-01",234913
36,"NEW YORK",12,"2020-04-01",241027
36,"NEW YORK",13,"2020-04-01",240249
36,"NEW YORK",14,"2020-04-01",236704
36,"NEW YORK",15,"2020-04-01",238245
36,"NEW YORK",16,"2020-04-01",243189
36,"NEW YORK",17,"2020-04-01",242276
37,"NORTH CAROLINA",5,"2020-04-01",124095
37,"NORTH CAROLINA",6,"2020-04-01",123812
37,"NORTH CAROLINA",7,"2020-04-01",123871
37,"NORTH CAROLINA",8,"2020-04-01",125100
37,"NORTH CAROLINA",9,"2020-04-01",126428
37,"NORTH CAROLINA",10,"2020-04-01",131648
37,"NORTH CAROLINA",11,"2020-04-01",136112
37,"NORTH CAROLINA",12,"2020-04-01",140290
37,"NORTH CAROLINA",13,"2020-04-01",139754
37,"NORTH CAROLINA",14,"2020-04-01",136395
37,"NORTH CAROLINA",15,"2020-04-01",134611
37,"NORTH CAROLINA",16,"2020-04-01",135393
37,"NORTH CAROLINA",17,"2020-04-01",133838
38,"NORTH DAKOTA",5,"2020-04-01",11050
38,"NORTH DAKOTA",6,"2020-04-01",10750
38,"NORTH DAKOTA",7,"2020-04-01",10516
38,"NORTH DAKOTA",8,"2020-04-01",10351
38,"NORTH DAKOTA",9,"2020-04-01",10111
38,"NORTH DAKOTA",10,"2020-04-01",10402
38,"NORTH DAKOTA",11,"2020-04-01",10549
38,"NORTH DAKOTA",12,"2020-04-01",10573
38,"NORTH DAKOTA",13,"2020-04-01",10422
38,"NORTH DAKOTA",14,"2020-04-01",10053
38,"NORTH DAKOTA",15,"2020-04-01",9701
38,"NORTH DAKOTA",16,"2020-04-01",9519
38,"NORTH DAKOTA",17,"2020-04-01",9138
39,"OHIO",5,"2020-04-01",143839
39,"OHIO",6,"2020-04-01",143589
39,"OHIO",7,"2020-04-01",143517
39,"OHIO",8,"2020-04-01",142711
39,"OHIO",9,"2020-04-01",142975
39,"OHIO",10,"2020-04-01",147441
39,"OHIO",11,"2020-04-01",151865
39,"OHIO",12,"2020-04-01",155666
39,"OHIO",13,"2020-04-01",156158
39,"OHIO",14,"2020-04-01",153641
39,"OHIO",15,"2020-04-01",152286
39,"OHIO",16,"2020-04-01",155083
39,"OHIO",17,"2020-04-01",153446
40,"OKLAHOMA",5,"2020-04-01",53270
40,"OKLAHOMA",6,"2020-04-01",53524
40,"OKLAHOMA",7,"2020-04-01",53736
40,"OKLAHOMA",8,"2020-04-01",53517
40,"OKLAHOMA",9,"2020-04-01",53797
40,"OKLAHOMA",10,"2020-04-01",54873
40,"OKLAHOMA",11,"2020-04-01",56176
40,"OKLAHOMA",12,"2020-04-01",57287
40,"OKLAHOMA",13,"2020-04-01",56935
40,"OKLAHOMA",14,"2020-04-01",54914
40,"OKLAHOMA",15,"2020-04-01",54304
40,"OKLAHOMA",16,"2020-04-01",54564
40,"OKLAHOMA",17,"2020-04-01",53777
41,"OREGON",5,"2020-04-01",48101
41,"OREGON",6,"2020-04-01",48179
41,"OREGON",7,"2020-04-01",48121
41,"OREGON",8,"2020-04-01",48527
41,"OREGON",9,"2020-04-01",49273
41,"OREGON",10,"2020-04-01",50613
41,"OREGON",11,"2020-04-01",51748
41,"OREGON",12,"2020-04-01",53292
41,"OREGON",13,"2020-04-01",52721
41,"OREGON",14,"2020-04-01",51120
41,"OREGON",15,"2020-04-01",50320
41,"OREGON",16,"2020-04-01",51001
41,"OREGON",17,"2020-04-01",50180
42,"PENNSYLVANIA",5,"2020-04-01",146956
42,"PENNSYLVANIA",6,"2020-04-01",147037
42,"PENNSYLVANIA",7,"2020-04-01",147278
42,"PENNSYLVANIA",8,"2020-04-01",148037
42,"PENNSYLVANIA",9,"2020-04-01",149017
42,"PENNSYLVANIA",10,"2020-04-01",152843
42,"PENNSYLVANIA",11,"2020-04-01",156888
42,"PENNSYLVANIA",12,"2020-04-01",161182
42,"PENNSYLVANIA",13,"2020-04-01",160632
42,"PENNSYLVANIA",14,"2020-04-01",158358
42,"PENNSYLVANIA",15,"2020-04-01",158392
42,"PENNSYLVANIA",16,"2020-04-01",161577
42,"PENNSYLVANIA",17,"2020-04-01",160100
44,"RHODE ISLAND",5,"2020-04-01",11522
44,"RHODE ISLAND",6,"2020-04-01",11331
44,"RHODE ISLAND",7,"2020-04-01",11310
44,"RHODE ISLAND",8,"2020-04-01",11518
44,"RHODE ISLAND",9,"2020-04-01",11458
44,"RHODE ISLAND",10,"2020-04-01",11779
44,"RHODE ISLAND",11,"2020-04-01",12014
44,"RHODE ISLAND",12,"2020-04-01",12538
44,"RHODE ISLAND",13,"2020-04-01",12632
44,"RHODE ISLAND",14,"2020-04-01",12689
44,"RHODE ISLAND",15,"2020-04-01",12697
44,"RHODE ISLAND",16,"2020-04-01",12972
44,"RHODE ISLAND",17,"2020-04-01",13039
45,"SOUTH CAROLINA",5,"2020-04-01",60600
45,"SOUTH CAROLINA",6,"2020-04-01",59952
45,"SOUTH CAROLINA",7,"2020-04-01",60244
45,"SOUTH CAROLINA",8,"2020-04-01",60963
45,"SOUTH CAROLINA",9,"2020-04-01",61631
45,"SOUTH CAROLINA",10,"2020-04-01",64402
45,"SOUTH CAROLINA",11,"2020-04-01",67029
45,"SOUTH CAROLINA",12,"2020-04-01",68648
45,"SOUTH CAROLINA",13,"2020-04-01",68375
45,"SOUTH CAROLINA",14,"2020-04-01",65650
45,"SOUTH CAROLINA",15,"2020-04-01",64106
45,"SOUTH CAROLINA",16,"2020-04-01",64139
45,"SOUTH CAROLINA",17,"2020-04-01",62939
46,"SOUTH DAKOTA",5,"2020-04-01",12377
46,"SOUTH DAKOTA",6,"2020-04-01",12278
46,"SOUTH DAKOTA",7,"2020-04-01",12176
46,"SOUTH DAKOTA",8,"2020-04-01",12105
46,"SOUTH DAKOTA",9,"2020-04-01",12097
46,"SOUTH DAKOTA",10,"2020-04-01",12445
46,"SOUTH DAKOTA",11,"2020-04-01",12700
46,"SOUTH DAKOTA",12,"2020-04-01",13017
46,"SOUTH DAKOTA",13,"2020-04-01",12812
46,"SOUTH DAKOTA",14,"2020-04-01",12327
46,"SOUTH DAKOTA",15,"2020-04-01",12145
46,"SOUTH DAKOTA",16,"2020-04-01",12119
46,"SOUTH DAKOTA",17,"2020-04-01",11511
47,"TENNESSEE",5,"2020-04-01",84093
47,"TENNESSEE",6,"2020-04-01",83101
47,"TENNESSEE",7,"2020-04-01",83355
47,"TENNESSEE",8,"2020-04-01",83634
47,"TENNESSEE",9,"2020-04-01",83489
47,"TENNESSEE",10,"2020-04-01",86408
47,"TENNESSEE",11,"2020-04-01",89761
47,"TENNESSEE",12,"2020-04-01",93023
47,"TENNESSEE",13,"2020-04-01",91993
47,"TENNESSEE",14,"2020-04-01",89713
47,"TENNESSEE",15,"2020-04-01",88344
47,"TENNESSEE",16,"2020-04-01",89182
47,"TENNESSEE",17,"2020-04-01",87840
48,"TEXAS",5,"2020-04-01",418496
48,"TEXAS",6,"2020-04-01",414089
48,"TEXAS",7,"2020-04-01",410318
48,"TEXAS",8,"2020-04-01",409586
48,"TEXAS",9,"2020-04-01",416817
48,"TEXAS",10,"2020-04-01",428804
48,"TEXAS",11,"2020-04-01",437730
48,"TEXAS",12,"2020-04-01",447852
48,"TEXAS",13,"2020-04-01",442969
48,"TEXAS",14,"2020-04-01",432276
48,"TEXAS",15,"2020-04-01",428007
48,"TEXAS",16,"2020-04-01",428446
48,"TEXAS",17,"2020-04-01",422102
49,"UTAH",5,"2020-04-01",51804
49,"UTAH",6,"2020-04-01",51916
49,"UTAH",7,"2020-04-01",52253
49,"UTAH",8,"2020-04-01",51644
49,"UTAH",9,"2020-04-01",53046
49,"UTAH",10,"2020-04-01",55088
49,"UTAH",11,"2020-04-01",56432
49,"UTAH",12,"2020-04-01",57741
49,"UTAH",13,"2020-04-01",57347
49,"UTAH",14,"2020-04-01",55781
49,"UTAH",15,"2020-04-01",54947
49,"UTAH",16,"2020-04-01",55198
49,"UTAH",17,"2020-04-01",53835
50,"VERMONT",5,"2020-04-01",6309
50,"VERMONT",6,"2020-04-01",6427
50,"VERMONT",7,"2020-04-01",6372
50,"VERMONT",8,"2020-04-01",6528
50,"VERMONT",9,"2020-04-01",6536
50,"VERMONT",10,"2020-04-01",6726
50,"VERMONT",11,"2020-04-01",6917
50,"VERMONT",12,"2020-04-01",7232
50,"VERMONT",13,"2020-04-01",7335
50,"VERMONT",14,"2020-04-01",7191
50,"VERMONT",15,"2020-04-01",7155
50,"VERMONT",16,"2020-04-01",7440
50,"VERMONT",17,"2020-04-01",7441
51,"VIRGINIA",5,"2020-04-01",104323
51,"VIRGINIA",6,"2020-04-01",103196
51,"VIRGINIA",7,"2020-04-01",103512
51,"VIRGINIA",8,"2020-04-01",104451
51,"VIRGINIA",9,"2020-04-01",104843
51,"VIRGINIA",10,"2020-04-01",106682
51,"VIRGINIA",11,"2020-04-01",109072
51,"VIRGINIA",12,"2020-04-01",113021
51,"VIRGINIA",13,"2020-04-01",112299
51,"VIRGINIA",14,"2020-04-01",109878
51,"VIRGINIA",15,"2020-04-01",108693
51,"VIRGINIA",16,"2020-04-01",109785
51,"VIRGINIA",17,"2020-04-01",108026
53,"WASHINGTON",5,"2020-04-01",95204
53,"WASHINGTON",6,"2020-04-01",94217
53,"WASHINGTON",7,"2020-04-01",94501
53,"WASHINGTON",8,"2020-04-01",94203
53,"WASHINGTON",9,"2020-04-01",94802
53,"WASHINGTON",10,"2020-04-01",96953
53,"WASHINGTON",11,"2020-04-01",98806
53,"WASHINGTON",12,"2020-04-01",100519
53,"WASHINGTON",13,"2020-04-01",98597
53,"WASHINGTON",14,"2020-04-01",95287
53,"WASHINGTON",15,"2020-04-01",93770
53,"WASHINGTON",16,"2020-04-01",93952
53,"WASHINGTON",17,"2020-04-01",92461
54,"WEST VIRGINIA",5,"2020-04-01",19827
54,"WEST VIRGINIA",6,"2020-04-01",20076
54,"WEST VIRGINIA",7,"2020-04-01",20289
54,"WEST VIRGINIA",8,"2020-04-01",20168
54,"WEST VIRGINIA",9,"2020-04-01",20118
54,"WEST VIRGINIA",10,"2020-04-01",20616
54,"WEST VIRGINIA",11,"2020-04-01",21366
54,"WEST VIRGINIA",12,"2020-04-01",22002
54,"WEST VIRGINIA",13,"2020-04-01",21825
54,"WEST VIRGINIA",14,"2020-04-01",21363
54,"WEST VIRGINIA",15,"2020-04-01",21305
54,"WEST VIRGINIA",16,"2020-04-01",21681
54,"WEST VIRGINIA",17,"2020-04-01",21562
55,"WISCONSIN",5,"2020-04-01",69348
55,"WISCONSIN",6,"2020-04-01",68985
55,"WISCONSIN",7,"2020-04-01",69510
55,"WISCONSIN",8,"2020-04-01",69990
55,"WISCONSIN",9,"2020-04-01",70925
55,"WISCONSIN",10,"2020-04-01",74540
55,"WISCONSIN",11,"2020-04-01",76162
55,"WISCONSIN",12,"2020-04-01",78425
55,"WISCONSIN",13,"2020-04-01",78456
55,"WISCONSIN",14,"2020-04-01",76987
55,"WISCONSIN",15,"2020-04-01",76354
55,"WISCONSIN",16,"2020-04-01",77455
55,"WISCONSIN",17,"2020-04-01",76177
56,"WYOMING",5,"2020-04-01",7291
56,"WYOMING",6,"2020-04-01",7276
56,"WYOMING",7,"2020-04-01",7316
56,"WYOMING",8,"2020-04-01",7360
56,"WYOMING",9,"2020-04-01",7489
56,"WYOMING",10,"2020-04-01",7934
56,"WYOMING",11,"2020-04-01",8131
56,"WYOMING",12,"2020-04-01",8330
56,"WYOMING",13,"2020-04-01",8308
56,"WYOMING",14,"2020-04-01",7993
56,"WYOMING",15,"2020-04-01",7803
56,"WYOMING",16,"2020-04-01",7610
56,"WYOMING",17,"2020-04-01",7446
1,"ALABAMA",5,"2020-07-01",61641
1,"ALABAMA",6,"2020-07-01",61042
1,"ALABAMA",7,"2020-07-01",60374
1,"ALABAMA",8,"2020-07-01",60917
1,"ALABAMA",9,"2020-07-01",61632
1,"ALABAMA",10,"2020-07-01",63136
1,"ALABAMA",11,"2020-07-01",65206
1,"ALABAMA",12,"2020-07-01",67803
1,"ALABAMA",13,"2020-07-01",67250
1,"ALABAMA",14,"2020-07-01",65673
1,"ALABAMA",15,"2020-07-01",64794
1,"ALABAMA",16,"2020-07-01",65090
1,"ALABAMA",17,"2020-07-01",64574
2,"ALASKA",5,"2020-07-01",10347
2,"ALASKA",6,"2020-07-01",10321
2,"ALASKA",7,"2020-07-01",10279
2,"ALASKA",8,"2020-07-01",10316
2,"ALASKA",9,"2020-07-01",10341
2,"ALASKA",10,"2020-07-01",10287
2,"ALASKA",11,"2020-07-01",10303
2,"ALASKA",12,"2020-07-01",10427
2,"ALASKA",13,"2020-07-01",10172
2,"ALASKA",14,"2020-07-01",9796
2,"ALASKA",15,"2020-07-01",9757
2,"ALASKA",16,"2020-07-01",9640
2,"ALASKA",17,"2020-07-01",9534
4,"ARIZONA",5,"2020-07-01",88577
4,"ARIZONA",6,"2020-07-01",88889
4,"ARIZONA",7,"2020-07-01",88443
4,"ARIZONA",8,"2020-07-01",88339
4,"ARIZONA",9,"2020-07-01",89166
4,"ARIZONA",10,"2020-07-01",91463
4,"ARIZONA",11,"2020-07-01",94542
4,"ARIZONA",12,"2020-07-01",99198
4,"ARIZONA",13,"2020-07-01",99117
4,"ARIZONA",14,"2020-07-01",96904
4,"ARIZONA",15,"2020-07-01",95315
4,"ARIZONA",16,"2020-07-01",94845
4,"ARIZONA",17,"2020-07-01",92808
5,"ARKANSAS",5,"2020-07-01",38657
5,"ARKANSAS",6,"2020-07-01",38283
5,"ARKANSAS",7,"2020-07-01",38004
5,"ARKANSAS",8,"2020-07-01",38414
5,"ARKANSAS",9,"2020-07-01",38706
5,"ARKANSAS",10,"2020-07-01",39632
5,"ARKANSAS",11,"2020-07-01",40680
5,"ARKANSAS",12,"2020-07-01",42452
5,"ARKANSAS",13,"2020-07-01",42552
5,"ARKANSAS",14,"2020-07-01",41472
5,"ARKANSAS",15,"2020-07-01",40827
5,"ARKANSAS",16,"2020-07-01",40814
5,"ARKANSAS",17,"2020-07-01",40375
6,"CALIFORNIA",5,"2020-07-01",492719
6,"CALIFORNIA",6,"2020-07-01",491656
6,"CALIFORNIA",7,"2020-07-01",492431
6,"CALIFORNIA",8,"2020-07-01",493044
6,"CALIFORNIA",9,"2020-07-01",500550
6,"CALIFORNIA",10,"2020-07-01",505691
6,"CALIFORNIA",11,"2020-07-01",513483
6,"CALIFORNIA",12,"2020-07-01",536090
6,"CALIFORNIA",13,"2020-07-01",534547
6,"CALIFORNIA",14,"2020-07-01",524515
6,"CALIFORNIA",15,"2020-07-01",518357
6,"CALIFORNIA",16,"2020-07-01",518204
6,"CALIFORNIA",17,"2020-07-01",513732
8,"COLORADO",5,"2020-07-01",68285
8,"COLORADO",6,"2020-07-01",68191
8,"COLORADO",7,"2020-07-01",67885
8,"COLORADO",8,"2020-07-01",68578
8,"COLORADO",9,"2020-07-01",70129
8,"COLORADO",10,"2020-07-01",72289
8,"COLORADO",11,"2020-07-01",73715
8,"COLORADO",12,"2020-07-01",76113
8,"COLORADO",13,"2020-07-01",76162
8,"COLORADO",14,"2020-07-01",75097
8,"COLORADO",15,"2020-07-01",74515
8,"COLORADO",16,"2020-07-01",74934
8,"COLORADO",17,"2020-07-01",73868
9,"CONNECTICUT",5,"2020-07-01",38525
9,"CONNECTICUT",6,"2020-07-01",38677
9,"CONNECTICUT",7,"2020-07-01",38871
9,"CONNECTICUT",8,"2020-07-01",39431
9,"CONNECTICUT",9,"2020-07-01",40428
9,"CONNECTICUT",10,"2020-07-01",41655
9,"CONNECTICUT",11,"2020-07-01",43087
9,"CONNECTICUT",12,"2020-07-01",45161
9,"CONNECTICUT",13,"2020-07-01",45705
9,"CONNECTICUT",14,"2020-07-01",45871
9,"CONNECTICUT",15,"2020-07-01",46241
9,"CONNECTICUT",16,"2020-07-01",47017
9,"CONNECTICUT",17,"2020-07-01",47129
10,"DELAWARE",5,"2020-07-01",11327
10,"DELAWARE",6,"2020-07-01",11295
10,"DELAWARE",7,"2020-07-01",11276
10,"DELAWARE",8,"2020-07-01",11535
10,"DELAWARE",9,"2020-07-01",11684
10,"DELAWARE",10,"2020-07-01",11814
10,"DELAWARE",11,"2020-07-01",12028
10,"DELAWARE",12,"2020-07-01",12414
10,"DELAWARE",13,"2020-07-01",12330
10,"DELAWARE",14,"2020-07-01",12163
10,"DELAWARE",15,"2020-07-01",12105
10,"DELAWARE",16,"2020-07-01",12156
10,"DELAWARE",17,"2020-07-01",12095
11,"DISTRICT OF COLUMBIA",5,"2020-07-01",8167
11,"DISTRICT OF COLUMBIA",6,"2020-07-01",7713
11,"DISTRICT OF COLUMBIA",7,"2020-07-01",7620
11,"DISTRICT OF COLUMBIA",8,"2020-07-01",7467
11,"DISTRICT OF COLUMBIA",9,"2020-07-01",7094
11,"DISTRICT OF COLUMBIA",10,"2020-07-01",6646
11,"DISTRICT OF COLUMBIA",11,"2020-07-01",6337
11,"DISTRICT OF COLUMBIA",12,"2020-07-01",6231
11,"DISTRICT OF COLUMBIA",13,"2020-07-01",5964
11,"DISTRICT OF COLUMBIA",14,"2020-07-01",5523
11,"DISTRICT OF COLUMBIA",15,"2020-07-01",5214
11,"DISTRICT OF COLUMBIA",16,"2020-07-01",5108
11,"DISTRICT OF COLUMBIA",17,"2020-07-01",5122
12,"FLORIDA",5,"2020-07-01",234648
12,"FLORIDA",6,"2020-07-01",234201
12,"FLORIDA",7,"2020-07-01",232643
12,"FLORIDA",8,"2020-07-01",233835
12,"FLORIDA",9,"2020-07-01",236078
12,"FLORIDA",10,"2020-07-01",239878
12,"FLORIDA",11,"2020-07-01",245357
12,"FLORIDA",12,"2020-07-01",256366
12,"FLORIDA",13,"2020-07-01",257022
12,"FLORIDA",14,"2020-07-01",252959
12,"FLORIDA",15,"2020-07-01",249145
12,"FLORIDA",16,"2020-07-01",247959
12,"FLORIDA",17,"2020-07-01",243936
13,"GEORGIA",5,"2020-07-01",136683
13,"GEORGIA",6,"2020-07-01",136177
13,"GEORGIA",7,"2020-07-01",136117
13,"GEORGIA",8,"2020-07-01",138121
13,"GEORGIA",9,"2020-07-01",140118
13,"GEORGIA",10,"2020-07-01",143592
13,"GEORGIA",11,"2020-07-01",148075
13,"GEORGIA",12,"2020-07-01",155050
13,"GEORGIA",13,"2020-07-01",155366
13,"GEORGIA",14,"2020-07-01",152750
13,"GEORGIA",15,"2020-07-01",150337
13,"GEORGIA",16,"2020-07-01",150497
13,"GEORGIA",17,"2020-07-01",148694
15,"HAWAII",5,"2020-07-01",18006
15,"HAWAII",6,"2020-07-01",18108
15,"HAWAII",7,"2020-07-01",18335
15,"HAWAII",8,"2020-07-01",18031
15,"HAWAII",9,"2020-07-01",17846
15,"HAWAII",10,"2020-07-01",17230
15,"HAWAII",11,"2020-07-01",16936
15,"HAWAII",12,"2020-07-01",17339
15,"HAWAII",13,"2020-07-01",16828
15,"HAWAII",14,"2020-07-01",16304
15,"HAWAII",15,"2020-07-01",16182
15,"HAWAII",16,"2020-07-01",16268
15,"HAWAII",17,"2020-07-01",15969
16,"IDAHO",5,"2020-07-01",25196
16,"IDAHO",6,"2020-07-01",25061
16,"IDAHO",7,"2020-07-01",25136
16,"IDAHO",8,"2020-07-01",25171
16,"IDAHO",9,"2020-07-01",25694
16,"IDAHO",10,"2020-07-01",26654
16,"IDAHO",11,"2020-07-01",27446
16,"IDAHO",12,"2020-07-01",28590
16,"IDAHO",13,"2020-07-01",28613
16,"IDAHO",14,"2020-07-01",27987
16,"IDAHO",15,"2020-07-01",27686
16,"IDAHO",16,"2020-07-01",27599
16,"IDAHO",17,"2020-07-01",26834
17,"ILLINOIS",5,"2020-07-01",155519
17,"ILLINOIS",6,"2020-07-01",153720
17,"ILLINOIS",7,"2020-07-01",153231
17,"ILLINOIS",8,"2020-07-01",154441
17,"ILLINOIS",9,"2020-07-01",157027
17,"ILLINOIS",10,"2020-07-01",161291
17,"ILLINOIS",11,"2020-07-01",164907
17,"ILLINOIS",12,"2020-07-01",171476
17,"ILLINOIS",13,"2020-07-01",171988
17,"ILLINOIS",14,"2020-07-01",170115
17,"ILLINOIS",15,"2020-07-01",169678
17,"ILLINOIS",16,"2020-07-01",171995
17,"ILLINOIS",17,"2020-07-01",170734
18,"INDIANA",5,"2020-07-01",87248
18,"INDIANA",6,"2020-07-01",87080
18,"INDIANA",7,"2020-07-01",87040
18,"INDIANA",8,"2020-07-01",86988
18,"INDIANA",9,"2020-07-01",87401
18,"INDIANA",10,"2020-07-01",89519
18,"INDIANA",11,"2020-07-01",91721
18,"INDIANA",12,"2020-07-01",95195
18,"INDIANA",13,"2020-07-01",95084
18,"INDIANA",14,"2020-07-01",93548
18,"INDIANA",15,"2020-07-01",92662
18,"INDIANA",16,"2020-07-01",93625
18,"INDIANA",17,"2020-07-01",92747
19,"IOWA",5,"2020-07-01",40888
19,"IOWA",6,"2020-07-01",40781
19,"IOWA",7,"2020-07-01",40427
19,"IOWA",8,"2020-07-01",40019
19,"IOWA",9,"2020-07-01",40079
19,"IOWA",10,"2020-07-01",41765
19,"IOWA",11,"2020-07-01",43185
19,"IOWA",12,"2020-07-01",44738
19,"IOWA",13,"2020-07-01",44662
19,"IOWA",14,"2020-07-01",43680
19,"IOWA",15,"2020-07-01",42840
19,"IOWA",16,"2020-07-01",42894
19,"IOWA",17,"2020-07-01",42435
20,"KANSAS",5,"2020-07-01",38796
20,"KANSAS",6,"2020-07-01",39000
20,"KANSAS",7,"2020-07-01",39117
20,"KANSAS",8,"2020-07-01",39203
20,"KANSAS",9,"2020-07-01",39746
20,"KANSAS",10,"2020-07-01",40851
20,"KANSAS",11,"2020-07-01",41483
20,"KANSAS",12,"2020-07-01",42697
20,"KANSAS",13,"2020-07-01",42446
20,"KANSAS",14,"2020-07-01",41618
20,"KANSAS",15,"2020-07-01",40950
20,"KANSAS",16,"2020-07-01",41245
20,"KANSAS",17,"2020-07-01",40969
21,"KENTUCKY",5,"2020-07-01",56041
21,"KENTUCKY",6,"2020-07-01",56109
21,"KENTUCKY",7,"2020-07-01",55935
21,"KENTUCKY",8,"2020-07-01",55524
21,"KENTUCKY",9,"2020-07-01",55544
21,"KENTUCKY",10,"2020-07-01",56659
21,"KENTUCKY",11,"2020-07-01",58378
21,"KENTUCKY",12,"2020-07-01",60507
21,"KENTUCKY",13,"2020-07-01",60541
21,"KENTUCKY",14,"2020-07-01",59345
21,"KENTUCKY",15,"2020-07-01",58784
21,"KENTUCKY",16,"2020-07-01",59119
21,"KENTUCKY",17,"2020-07-01",58632
22,"LOUISIANA",5,"2020-07-01",61606
22,"LOUISIANA",6,"2020-07-01",61149
22,"LOUISIANA",7,"2020-07-01",59981
22,"LOUISIANA",8,"2020-07-01",59464
22,"LOUISIANA",9,"2020-07-01",59765
22,"LOUISIANA",10,"2020-07-01",60936
22,"LOUISIANA",11,"2020-07-01",62798
22,"LOUISIANA",12,"2020-07-01",65331
22,"LOUISIANA",13,"2020-07-01",64952
22,"LOUISIANA",14,"2020-07-01",62898
22,"LOUISIANA",15,"2020-07-01",61549
22,"LOUISIANA",16,"2020-07-01",61326
22,"LOUISIANA",17,"2020-07-01",60617
23,"MAINE",5,"2020-07-01",13477
23,"MAINE",6,"2020-07-01",13571
23,"MAINE",7,"2020-07-01",13583
23,"MAINE",8,"2020-07-01",13576
23,"MAINE",9,"2020-07-01",13726
23,"MAINE",10,"2020-07-01",14342
23,"MAINE",11,"2020-07-01",14767
23,"MAINE",12,"2020-07-01",15370
23,"MAINE",13,"2020-07-01",15485
23,"MAINE",14,"2020-07-01",15440
23,"MAINE",15,"2020-07-01",15460
23,"MAINE",16,"2020-07-01",15848
23,"MAINE",17,"2020-07-01",15859
24,"MARYLAND",5,"2020-07-01",75733
24,"MARYLAND",6,"2020-07-01",75095
24,"MARYLAND",7,"2020-07-01",74942
24,"MARYLAND",8,"2020-07-01",75629
24,"MARYLAND",9,"2020-07-01",76682
24,"MARYLAND",10,"2020-07-01",77894
24,"MARYLAND",11,"2020-07-01",78944
24,"MARYLAND",12,"2020-07-01",81932
24,"MARYLAND",13,"2020-07-01",81412
24,"MARYLAND",14,"2020-07-01",79611
24,"MARYLAND",15,"2020-07-01",78648
24,"MARYLAND",16,"2020-07-01",79012
24,"MARYLAND",17,"2020-07-01",78209
25,"MASSACHUSETTS",5,"2020-07-01",74134
25,"MASSACHUSETTS",6,"2020-07-01",74310
25,"MASSACHUSETTS",7,"2020-07-01",74636
25,"MASSACHUSETTS",8,"2020-07-01",75156
25,"MASSACHUSETTS",9,"2020-07-01",76171
25,"MASSACHUSETTS",10,"2020-07-01",77307
25,"MASSACHUSETTS",11,"2020-07-01",78785
25,"MASSACHUSETTS",12,"2020-07-01",81902
25,"MASSACHUSETTS",13,"2020-07-01",82205
25,"MASSACHUSETTS",14,"2020-07-01",81865
25,"MASSACHUSETTS",15,"2020-07-01",82581
25,"MASSACHUSETTS",16,"2020-07-01",84812
25,"MASSACHUSETTS",17,"2020-07-01",85766
26,"MICHIGAN",5,"2020-07-01",118212
26,"MICHIGAN",6,"2020-07-01",118303
26,"MICHIGAN",7,"2020-07-01",117590
26,"MICHIGAN",8,"2020-07-01",117806
26,"MICHIGAN",9,"2020-07-01",118927
26,"MICHIGAN",10,"2020-07-01",121902
26,"MICHIGAN",11,"2020-07-01",124584
26,"MICHIGAN",12,"2020-07-01",129171
26,"MICHIGAN",13,"2020-07-01",130012
26,"MICHIGAN",14,"2020-07-01",129020
26,"MICHIGAN",15,"2020-07-01",129089
26,"MICHIGAN",16,"2020-07-01",131418
26,"MICHIGAN",17,"2020-07-01",130875
27,"MINNESOTA",5,"2020-07-01",73626
27,"MINNESOTA",6,"2020-07-01",73679
27,"MINNESOTA",7,"2020-07-01",73190
27,"MINNESOTA",8,"2020-07-01",72823
27,"MINNESOTA",9,"2020-07-01",73072
27,"MINNESOTA",10,"2020-07-01",75003
27,"MINNESOTA",11,"2020-07-01",76548
27,"MINNESOTA",12,"2020-07-01",79142
27,"MINNESOTA",13,"2020-07-01",78807
27,"MINNESOTA",14,"2020-07-01",77386
27,"MINNESOTA",15,"2020-07-01",76617
27,"MINNESOTA",16,"2020-07-01",77179
27,"MINNESOTA",17,"2020-07-01",75562
28,"MISSISSIPPI",5,"2020-07-01",37205
28,"MISSISSIPPI",6,"2020-07-01",37126
28,"MISSISSIPPI",7,"2020-07-01",37043
28,"MISSISSIPPI",8,"2020-07-01",37557
28,"MISSISSIPPI",9,"2020-07-01",37973
28,"MISSISSIPPI",10,"2020-07-01",39270
28,"MISSISSIPPI",11,"2020-07-01",41353
28,"MISSISSIPPI",12,"2020-07-01",43613
28,"MISSISSIPPI",13,"2020-07-01",43969
28,"MISSISSIPPI",14,"2020-07-01",42356
28,"MISSISSIPPI",15,"2020-07-01",41210
28,"MISSISSIPPI",16,"2020-07-01",41140
28,"MISSISSIPPI",17,"2020-07-01",40366
29,"MISSOURI",5,"2020-07-01",75970
29,"MISSOURI",6,"2020-07-01",75951
29,"MISSOURI",7,"2020-07-01",75421
29,"MISSOURI",8,"2020-07-01",75578
29,"MISSOURI",9,"2020-07-01",76293
29,"MISSOURI",10,"2020-07-01",77820
29,"MISSOURI",11,"2020-07-01",79872
29,"MISSOURI",12,"2020-07-01",82969
29,"MISSOURI",13,"2020-07-01",82774
29,"MISSOURI",14,"2020-07-01",81594
29,"MISSOURI",15,"2020-07-01",80384
29,"MISSOURI",16,"2020-07-01",80740
29,"MISSOURI",17,"2020-07-01",79671
30,"MONTANA",5,"2020-07-01",13117
30,"MONTANA",6,"2020-07-01",13068
30,"MONTANA",7,"2020-07-01",12972
30,"MONTANA",8,"2020-07-01",12976
30,"MONTANA",9,"2020-07-01",12997
30,"MONTANA",10,"2020-07-01",13272
30,"MONTANA",11,"2020-07-01",13673
30,"MONTANA",12,"2020-07-01",14197
30,"MONTANA",13,"2020-07-01",14104
30,"MONTANA",14,"2020-07-01",13684
30,"MONTANA",15,"2020-07-01",13378
30,"MONTANA",16,"2020-07-01",13540
30,"MONTANA",17,"2020-07-01",13224
31,"NEBRASKA",5,"2020-07-01",27371
31,"NEBRASKA",6,"2020-07-01",27217
31,"NEBRASKA",7,"2020-07-01",26797
31,"NEBRASKA",8,"2020-07-01",26549
31,"NEBRASKA",9,"2020-07-01",26649
31,"NEBRASKA",10,"2020-07-01",27375
31,"NEBRASKA",11,"2020-07-01",28072
31,"NEBRASKA",12,"2020-07-01",28748
31,"NEBRASKA",13,"2020-07-01",28369
31,"NEBRASKA",14,"2020-07-01",27920
31,"NEBRASKA",15,"2020-07-01",27654
31,"NEBRASKA",16,"2020-07-01",27662
31,"NEBRASKA",17,"2020-07-01",27219
32,"NEVADA",5,"2020-07-01",38715
32,"NEVADA",6,"2020-07-01",38385
32,"NEVADA",7,"2020-07-01",38422
32,"NEVADA",8,"2020-07-01",38384
32,"NEVADA",9,"2020-07-01",39268
32,"NEVADA",10,"2020-07-01",40010
32,"NEVADA",11,"2020-07-01",40785
32,"NEVADA",12,"2020-07-01",42694
32,"NEVADA",13,"2020-07-01",42362
32,"NEVADA",14,"2020-07-01",41162
32,"NEVADA",15,"2020-07-01",40173
32,"NEVADA",16,"2020-07-01",39762
32,"NEVADA",17,"2020-07-01",39134
33,"NEW HAMPSHIRE",5,"2020-07-01",13526
33,"NEW HAMPSHIRE",6,"2020-07-01",13594
33,"NEW HAMPSHIRE",7,"2020-07-01",13820
33,"NEW HAMPSHIRE",8,"2020-07-01",13861
33,"NEW HAMPSHIRE",9,"2020-07-01",14276
33,"NEW HAMPSHIRE",10,"2020-07-01",14624
33,"NEW HAMPSHIRE",11,"2020-07-01",15031
33,"NEW HAMPSHIRE",12,"2020-07-01",15680
33,"NEW HAMPSHIRE",13,"2020-07-01",15947
33,"NEW HAMPSHIRE",14,"2020-07-01",15994
33,"NEW HAMPSHIRE",15,"2020-07-01",16154
33,"NEW HAMPSHIRE",16,"2020-07-01",16551
33,"NEW HAMPSHIRE",17,"2020-07-01",16647
34,"NEW JERSEY",5,"2020-07-01",110407
34,"NEW JERSEY",6,"2020-07-01",110095
34,"NEW JERSEY",7,"2020-07-01",110393
34,"NEW JERSEY",8,"2020-07-01",111307
34,"NEW JERSEY",9,"2020-07-01",113212
34,"NEW JERSEY",10,"2020-07-01",115123
34,"NEW JERSEY",11,"2020-07-01",117079
34,"NEW JERSEY",12,"2020-07-01",121610
34,"NEW JERSEY",13,"2020-07-01",121747
34,"NEW JERSEY",14,"2020-07-01",120522
34,"NEW JERSEY",15,"2020-07-01",120253
34,"NEW JERSEY",16,"2020-07-01",121888
34,"NEW JERSEY",17,"2020-07-01",121244
35,"NEW MEXICO",5,"2020-07-01",25817
35,"NEW MEXICO",6,"2020-07-01",26132
35,"NEW MEXICO",7,"2020-07-01",26288
35,"NEW MEXICO",8,"2020-07-01",26559
35,"NEW MEXICO",9,"2020-07-01",27152
35,"NEW MEXICO",10,"2020-07-01",28010
35,"NEW MEXICO",11,"2020-07-01",28739
35,"NEW MEXICO",12,"2020-07-01",29794
35,"NEW MEXICO",13,"2020-07-01",29642
35,"NEW MEXICO",14,"2020-07-01",28988
35,"NEW MEXICO",15,"2020-07-01",28653
35,"NEW MEXICO",16,"2020-07-01",28663
35,"NEW MEXICO",17,"2020-07-01",28609
36,"NEW YORK",5,"2020-07-01",233631
36,"NEW YORK",6,"2020-07-01",231174
36,"NEW YORK",7,"2020-07-01",231075
36,"NEW YORK",8,"2020-07-01",231526
36,"NEW YORK",9,"2020-07-01",233016
36,"NEW YORK",10,"2020-07-01",233043
36,"NEW YORK",11,"2020-07-01",233077
36,"NEW YORK",12,"2020-07-01",240087
36,"NEW YORK",13,"2020-07-01",239625
36,"NEW YORK",14,"2020-07-01",237010
36,"NEW YORK",15,"2020-07-01",237684
36,"NEW YORK",16,"2020-07-01",241957
36,"NEW YORK",17,"2020-07-01",242084
37,"NORTH CAROLINA",5,"2020-07-01",124306
37,"NORTH CAROLINA",6,"2020-07-01",124325
37,"NORTH CAROLINA",7,"2020-07-01",123977
37,"NORTH CAROLINA",8,"2020-07-01",124715
37,"NORTH CAROLINA",9,"2020-07-01",126237
37,"NORTH CAROLINA",10,"2020-07-01",130490
37,"NORTH CAROLINA",11,"2020-07-01",134714
37,"NORTH CAROLINA",12,"2020-07-01",140088
37,"NORTH CAROLINA",13,"2020-07-01",139893
37,"NORTH CAROLINA",14,"2020-07-01",137280
37,"NORTH CAROLINA",15,"2020-07-01",135275
37,"NORTH CAROLINA",16,"2020-07-01",135504
37,"NORTH CAROLINA",17,"2020-07-01",134302
38,"NORTH DAKOTA",5,"2020-07-01",11061
38,"NORTH DAKOTA",6,"2020-07-01",10829
38,"NORTH DAKOTA",7,"2020-07-01",10560
38,"NORTH DAKOTA",8,"2020-07-01",10359
38,"NORTH DAKOTA",9,"2020-07-01",10158
38,"NORTH DAKOTA",10,"2020-07-01",10321
38,"NORTH DAKOTA",11,"2020-07-01",10469
38,"NORTH DAKOTA",12,"2020-07-01",10608
38,"NORTH DAKOTA",13,"2020-07-01",10445
38,"NORTH DAKOTA",14,"2020-07-01",10133
38,"NORTH DAKOTA",15,"2020-07-01",9798
38,"NORTH DAKOTA",16,"2020-07-01",9583
38,"NORTH DAKOTA",17,"2020-07-01",9247
39,"OHIO",5,"2020-07-01",143790
39,"OHIO",6,"2020-07-01",143967
39,"OHIO",7,"2020-07-01",143460
39,"OHIO",8,"2020-07-01",142564
39,"OHIO",9,"2020-07-01",142771
39,"OHIO",10,"2020-07-01",146244
39,"OHIO",11,"2020-07-01",150198
39,"OHIO",12,"2020-07-01",155462
39,"OHIO",13,"2020-07-01",155935
39,"OHIO",14,"2020-07-01",154200
39,"OHIO",15,"2020-07-01",152755
39,"OHIO",16,"2020-07-01",154606
39,"OHIO",17,"2020-07-01",153926
40,"OKLAHOMA",5,"2020-07-01",53358
40,"OKLAHOMA",6,"2020-07-01",53606
40,"OKLAHOMA",7,"2020-07-01",53650
40,"OKLAHOMA",8,"2020-07-01",53473
40,"OKLAHOMA",9,"2020-07-01",53725
40,"OKLAHOMA",10,"2020-07-01",54628
40,"OKLAHOMA",11,"2020-07-01",55664
40,"OKLAHOMA",12,"2020-07-01",57335
40,"OKLAHOMA",13,"2020-07-01",56979
40,"OKLAHOMA",14,"2020-07-01",55416
40,"OKLAHOMA",15,"2020-07-01",54535
40,"OKLAHOMA",16,"2020-07-01",54650
40,"OKLAHOMA",17,"2020-07-01",54015
41,"OREGON",5,"2020-07-01",47984
41,"OREGON",6,"2020-07-01",48283
41,"OREGON",7,"2020-07-01",48118
41,"OREGON",8,"2020-07-01",48314
41,"OREGON",9,"2020-07-01",49068
41,"OREGON",10,"2020-07-01",50308
41,"OREGON",11,"2020-07-01",51277
41,"OREGON",12,"2020-07-01",53170
41,"OREGON",13,"2020-07-01",52814
41,"OREGON",14,"2020-07-01",51511
41,"OREGON",15,"2020-07-01",50571
41,"OREGON",16,"2020-07-01",50947
41,"OREGON",17,"2020-07-01",50478
42,"PENNSYLVANIA",5,"2020-07-01",146679
42,"PENNSYLVANIA",6,"2020-07-01",147309
42,"PENNSYLVANIA",7,"2020-07-01",147083
42,"PENNSYLVANIA",8,"2020-07-01",147444
42,"PENNSYLVANIA",9,"2020-07-01",148644
42,"PENNSYLVANIA",10,"2020-07-01",151832
42,"PENNSYLVANIA",11,"2020-07-01",155352
42,"PENNSYLVANIA",12,"2020-07-01",160861
42,"PENNSYLVANIA",13,"2020-07-01",160620
42,"PENNSYLVANIA",14,"2020-07-01",158884
42,"PENNSYLVANIA",15,"2020-07-01",158575
42,"PENNSYLVANIA",16,"2020-07-01",161180
42,"PENNSYLVANIA",17,"2020-07-01",160577
44,"RHODE ISLAND",5,"2020-07-01",11550
44,"RHODE ISLAND",6,"2020-07-01",11395
44,"RHODE ISLAND",7,"2020-07-01",11314
44,"RHODE ISLAND",8,"2020-07-01",11423
44,"RHODE ISLAND",9,"2020-07-01",11458
44,"RHODE ISLAND",10,"2020-07-01",11685
44,"RHODE ISLAND",11,"2020-07-01",11895
44,"RHODE ISLAND",12,"2020-07-01",12464
44,"RHODE ISLAND",13,"2020-07-01",12591
44,"RHODE ISLAND",14,"2020-07-01",12660
44,"RHODE ISLAND",15,"2020-07-01",12688
44,"RHODE ISLAND",16,"2020-07-01",12916
44,"RHODE ISLAND",17,"2020-07-01",13033
45,"SOUTH CAROLINA",5,"2020-07-01",60563
45,"SOUTH CAROLINA",6,"2020-07-01",60356
45,"SOUTH CAROLINA",7,"2020-07-01",60283
45,"SOUTH CAROLINA",8,"2020-07-01",60782
45,"SOUTH CAROLINA",9,"2020-07-01",61556
45,"SOUTH CAROLINA",10,"2020-07-01",63838
45,"SOUTH CAROLINA",11,"2020-07-01",66298
45,"SOUTH CAROLINA",12,"2020-07-01",68716
45,"SOUTH CAROLINA",13,"2020-07-01",68534
45,"SOUTH CAROLINA",14,"2020-07-01",66377
45,"SOUTH CAROLINA",15,"2020-07-01",64629
45,"SOUTH CAROLINA",16,"2020-07-01",64286
45,"SOUTH CAROLINA",17,"2020-07-01",63333
46,"SOUTH DAKOTA",5,"2020-07-01",12341
46,"SOUTH DAKOTA",6,"2020-07-01",12322
46,"SOUTH DAKOTA",7,"2020-07-01",12194
46,"SOUTH DAKOTA",8,"2020-07-01",12083
46,"SOUTH DAKOTA",9,"2020-07-01",12090
46,"SOUTH DAKOTA",10,"2020-07-01",12361
46,"SOUTH DAKOTA",11,"2020-07-01",12590
46,"SOUTH DAKOTA",12,"2020-07-01",13011
46,"SOUTH DAKOTA",13,"2020-07-01",12840
46,"SOUTH DAKOTA",14,"2020-07-01",12443
46,"SOUTH DAKOTA",15,"2020-07-01",12213
46,"SOUTH DAKOTA",16,"2020-07-01",12149
46,"SOUTH DAKOTA",17,"2020-07-01",11650
47,"TENNESSEE",5,"2020-07-01",84215
47,"TENNESSEE",6,"2020-07-01",83617
47,"TENNESSEE",7,"2020-07-01",83335
47,"TENNESSEE",8,"2020-07-01",83472
47,"TENNESSEE",9,"2020-07-01",83565
47,"TENNESSEE",10,"2020-07-01",85770
47,"TENNESSEE",11,"2020-07-01",88739
47,"TENNESSEE",12,"2020-07-01",92758
47,"TENNESSEE",13,"2020-07-01",92278
47,"TENNESSEE",14,"2020-07-01",90332
47,"TENNESSEE",15,"2020-07-01",88845
47,"TENNESSEE",16,"2020-07-01",89192
47,"TENNESSEE",17,"2020-07-01",88231
48,"TEXAS",5,"2020-07-01",418912
48,"TEXAS",6,"2020-07-01",416420
48,"TEXAS",7,"2020-07-01",411584
48,"TEXAS",8,"2020-07-01",409143
48,"TEXAS",9,"2020-07-01",415629
48,"TEXAS",10,"2020-07-01",426677
48,"TEXAS",11,"2020-07-01",434310
48,"TEXAS",12,"2020-07-01",448189
48,"TEXAS",13,"2020-07-01",444254
48,"TEXAS",14,"2020-07-01",435281
48,"TEXAS",15,"2020-07-01",429865
48,"TEXAS",16,"2020-07-01",429236
48,"TEXAS",17,"2020-07-01",423842
49,"UTAH",5,"2020-07-01",51705
49,"UTAH",6,"2020-07-01",52005
49,"UTAH",7,"2020-07-01",52132
49,"UTAH",8,"2020-07-01",51691
49,"UTAH",9,"2020-07-01",52708
49,"UTAH",10,"2020-07-01",54637
49,"UTAH",11,"2020-07-01",55940
49,"UTAH",12,"2020-07-01",57699
49,"UTAH",13,"2020-07-01",57437
49,"UTAH",14,"2020-07-01",56226
49,"UTAH",15,"2020-07-01",55280
49,"UTAH",16,"2020-07-01",55308
49,"UTAH",17,"2020-07-01",54344
50,"VERMONT",5,"2020-07-01",6290
50,"VERMONT",6,"2020-07-01",6422
50,"VERMONT",7,"2020-07-01",6388
50,"VERMONT",8,"2020-07-01",6481
50,"VERMONT",9,"2020-07-01",6532
50,"VERMONT",10,"2020-07-01",6677
50,"VERMONT",11,"2020-07-01",6844
50,"VERMONT",12,"2020-07-01",7183
50,"VERMONT",13,"2020-07-01",7300
50,"VERMONT",14,"2020-07-01",7223
50,"VERMONT",15,"2020-07-01",7167
50,"VERMONT",16,"2020-07-01",7390
50,"VERMONT",17,"2020-07-01",7457
51,"VIRGINIA",5,"2020-07-01",104494
51,"VIRGINIA",6,"2020-07-01",103647
51,"VIRGINIA",7,"2020-07-01",103412
51,"VIRGINIA",8,"2020-07-01",103934
51,"VIRGINIA",9,"2020-07-01",104672
51,"VIRGINIA",10,"2020-07-01",106203
51,"VIRGINIA",11,"2020-07-01",108102
51,"VIRGINIA",12,"2020-07-01",112608
51,"VIRGINIA",13,"2020-07-01",112377
51,"VIRGINIA",14,"2020-07-01",110404
51,"VIRGINIA",15,"2020-07-01",109028
51,"VIRGINIA",16,"2020-07-01",109680
51,"VIRGINIA",17,"2020-07-01",108473
53,"WASHINGTON",5,"2020-07-01",95364
53,"WASHINGTON",6,"2020-07-01",94677
53,"WASHINGTON",7,"2020-07-01",94378
53,"WASHINGTON",8,"2020-07-01",94055
53,"WASHINGTON",9,"2020-07-01",94615
53,"WASHINGTON",10,"2020-07-01",96507
53,"WASHINGTON",11,"2020-07-01",98003
53,"WASHINGTON",12,"2020-07-01",100593
53,"WASHINGTON",13,"2020-07-01",98974
53,"WASHINGTON",14,"2020-07-01",96093
53,"WASHINGTON",15,"2020-07-01",94243
53,"WASHINGTON",16,"2020-07-01",94035
53,"WASHINGTON",17,"2020-07-01",92916
54,"WEST VIRGINIA",5,"2020-07-01",19670
54,"WEST VIRGINIA",6,"2020-07-01",20061
54,"WEST VIRGINIA",7,"2020-07-01",20193
54,"WEST VIRGINIA",8,"2020-07-01",20115
54,"WEST VIRGINIA",9,"2020-07-01",20093
54,"WEST VIRGINIA",10,"2020-07-01",20478
54,"WEST VIRGINIA",11,"2020-07-01",21095
54,"WEST VIRGINIA",12,"2020-07-01",21930
54,"WEST VIRGINIA",13,"2020-07-01",21837
54,"WEST VIRGINIA",14,"2020-07-01",21464
54,"WEST VIRGINIA",15,"2020-07-01",21339
54,"WEST VIRGINIA",16,"2020-07-01",21616
54,"WEST VIRGINIA",17,"2020-07-01",21612
55,"WISCONSIN",5,"2020-07-01",69292
55,"WISCONSIN",6,"2020-07-01",69218
55,"WISCONSIN",7,"2020-07-01",69335
55,"WISCONSIN",8,"2020-07-01",69659
55,"WISCONSIN",9,"2020-07-01",70640
55,"WISCONSIN",10,"2020-07-01",73613
55,"WISCONSIN",11,"2020-07-01",75472
55,"WISCONSIN",12,"2020-07-01",78194
55,"WISCONSIN",13,"2020-07-01",78362
55,"WISCONSIN",14,"2020-07-01",77328
55,"WISCONSIN",15,"2020-07-01",76562
55,"WISCONSIN",16,"2020-07-01",77288
55,"WISCONSIN",17,"2020-07-01",76511
56,"WYOMING",5,"2020-07-01",7307
56,"WYOMING",6,"2020-07-01",7297
56,"WYOMING",7,"2020-07-01",7306
56,"WYOMING",8,"2020-07-01",7333
56,"WYOMING",9,"2020-07-01",7468
56,"WYOMING",10,"2020-07-01",7825
56,"WYOMING",11,"2020-07-01",8059
56,"WYOMING",12,"2020-07-01",8331
56,"WYOMING",13,"2020-07-01",8310
56,"WYOMING",14,"2020-07-01",8069
56,"WYOMING",15,"2020-07-01",7859
56,"WYOMING",16,"2020-07-01",7669
56,"WYOMING",17,"2020-07-01",7498
1,"ALABAMA",5,"2021-07-01",61748
1,"ALABAMA",6,"2021-07-01",62040
1,"ALABAMA",7,"2021-07-01",61565
1,"ALABAMA",8,"2021-07-01",60851
1,"ALABAMA",9,"2021-07-01",61261
1,"ALABAMA",10,"2021-07-01",61943
1,"ALABAMA",11,"2021-07-01",63495
1,"ALABAMA",12,"2021-07-01",65545
1,"ALABAMA",13,"2021-07-01",68104
1,"ALABAMA",14,"2021-07-01",67676
1,"ALABAMA",15,"2021-07-01",65994
1,"ALABAMA",16,"2021-07-01",64994
1,"ALABAMA",17,"2021-07-01",65234
2,"ALASKA",5,"2021-07-01",10296
2,"ALASKA",6,"2021-07-01",10279
2,"ALASKA",7,"2021-07-01",10286
2,"ALASKA",8,"2021-07-01",10243
2,"ALASKA",9,"2021-07-01",10181
2,"ALASKA",10,"2021-07-01",10308
2,"ALASKA",11,"2021-07-01",10184
2,"ALASKA",12,"2021-07-01",10239
2,"ALASKA",13,"2021-07-01",10265
2,"ALASKA",14,"2021-07-01",10084
2,"ALASKA",15,"2021-07-01",9724
2,"ALASKA",16,"2021-07-01",9637
2,"ALASKA",17,"2021-07-01",9519
4,"ARIZONA",5,"2021-07-01",87691
4,"ARIZONA",6,"2021-07-01",89610
4,"ARIZONA",7,"2021-07-01",89732
4,"ARIZONA",8,"2021-07-01",89430
4,"ARIZONA",9,"2021-07-01",89025
4,"ARIZONA",10,"2021-07-01",90132
4,"ARIZONA",11,"2021-07-01",92137
4,"ARIZONA",12,"2021-07-01",95276
4,"ARIZONA",13,"2021-07-01",100003
4,"ARIZONA",14,"2021-07-01",99585
4,"ARIZONA",15,"2021-07-01",97615
4,"ARIZONA",16,"2021-07-01",96036
4,"ARIZONA",17,"2021-07-01",95860
5,"ARKANSAS",5,"2021-07-01",38742
5,"ARKANSAS",6,"2021-07-01",38968
5,"ARKANSAS",7,"2021-07-01",38494
5,"ARKANSAS",8,"2021-07-01",38217
5,"ARKANSAS",9,"2021-07-01",38676
5,"ARKANSAS",10,"2021-07-01",38970
5,"ARKANSAS",11,"2021-07-01",39874
5,"ARKANSAS",12,"2021-07-01",40920
5,"ARKANSAS",13,"2021-07-01",42665
5,"ARKANSAS",14,"2021-07-01",42669
5,"ARKANSAS",15,"2021-07-01",41680
5,"ARKANSAS",16,"2021-07-01",41010
5,"ARKANSAS",17,"2021-07-01",40944
6,"CALIFORNIA",5,"2021-07-01",480303
6,"CALIFORNIA",6,"2021-07-01",487735
6,"CALIFORNIA",7,"2021-07-01",487035
6,"CALIFORNIA",8,"2021-07-01",487848
6,"CALIFORNIA",9,"2021-07-01",488744
6,"CALIFORNIA",10,"2021-07-01",496286
6,"CALIFORNIA",11,"2021-07-01",501622
6,"CALIFORNIA",12,"2021-07-01",509362
6,"CALIFORNIA",13,"2021-07-01",532061
6,"CALIFORNIA",14,"2021-07-01",531161
6,"CALIFORNIA",15,"2021-07-01",521654
6,"CALIFORNIA",16,"2021-07-01",515661
6,"CALIFORNIA",17,"2021-07-01",516014
8,"COLORADO",5,"2021-07-01",67490
8,"COLORADO",6,"2021-07-01",68188
8,"COLORADO",7,"2021-07-01",68104
8,"COLORADO",8,"2021-07-01",67791
8,"COLORADO",9,"2021-07-01",68292
8,"COLORADO",10,"2021-07-01",69913
8,"COLORADO",11,"2021-07-01",72012
8,"COLORADO",12,"2021-07-01",73168
8,"COLORADO",13,"2021-07-01",75777
8,"COLORADO",14,"2021-07-01",75752
8,"COLORADO",15,"2021-07-01",74809
8,"COLORADO",16,"2021-07-01",74271
8,"COLORADO",17,"2021-07-01",74729
9,"CONNECTICUT",5,"2021-07-01",38451
9,"CONNECTICUT",6,"2021-07-01",38883
9,"CONNECTICUT",7,"2021-07-01",38935
9,"CONNECTICUT",8,"2021-07-01",39203
9,"CONNECTICUT",9,"2021-07-01",39681
9,"CONNECTICUT",10,"2021-07-01",40773
9,"CONNECTICUT",11,"2021-07-01",41846
9,"CONNECTICUT",12,"2021-07-01",43300
9,"CONNECTICUT",13,"2021-07-01",45306
9,"CONNECTICUT",14,"2021-07-01",45902
9,"CONNECTICUT",15,"2021-07-01",45867
9,"CONNECTICUT",16,"2021-07-01",46232
9,"CONNECTICUT",17,"2021-07-01",47120
10,"DELAWARE",5,"2021-07-01",11406
10,"DELAWARE",6,"2021-07-01",11447
10,"DELAWARE",7,"2021-07-01",11385
10,"DELAWARE",8,"2021-07-01",11399
10,"DELAWARE",9,"2021-07-01",11655
10,"DELAWARE",10,"2021-07-01",11713
10,"DELAWARE",11,"2021-07-01",11894
10,"DELAWARE",12,"2021-07-01",12141
10,"DELAWARE",13,"2021-07-01",12494
10,"DELAWARE",14,"2021-07-01",12393
10,"DELAWARE",15,"2021-07-01",12380
10,"DELAWARE",16,"2021-07-01",12187
10,"DELAWARE",17,"2021-07-01",12299
11,"DISTRICT OF COLUMBIA",5,"2021-07-01",7979
11,"DISTRICT OF COLUMBIA",6,"2021-07-01",7835
11,"DISTRICT OF COLUMBIA",7,"2021-07-01",7393
11,"DISTRICT OF COLUMBIA",8,"2021-07-01",7387
11,"DISTRICT OF COLUMBIA",9,"2021-07-01",7215
11,"DISTRICT OF COLUMBIA",10,"2021-07-01",6976
11,"DISTRICT OF COLUMBIA",11,"2021-07-01",6440
11,"DISTRICT OF COLUMBIA",12,"2021-07-01",6149
11,"DISTRICT OF COLUMBIA",13,"2021-07-01",6084
11,"DISTRICT OF COLUMBIA",14,"2021-07-01",5830
11,"DISTRICT OF COLUMBIA",15,"2021-07-01",5461
11,"DISTRICT OF COLUMBIA",16,"2021-07-01",5141
11,"DISTRICT OF COLUMBIA",17,"2021-07-01",5186
12,"FLORIDA",5,"2021-07-01",236039
12,"FLORIDA",6,"2021-07-01",237152
12,"FLORIDA",7,"2021-07-01",236707
12,"FLORIDA",8,"2021-07-01",234962
12,"FLORIDA",9,"2021-07-01",236409
12,"FLORIDA",10,"2021-07-01",238392
12,"FLORIDA",11,"2021-07-01",242401
12,"FLORIDA",12,"2021-07-01",247902
12,"FLORIDA",13,"2021-07-01",258686
12,"FLORIDA",14,"2021-07-01",259341
12,"FLORIDA",15,"2021-07-01",255563
12,"FLORIDA",16,"2021-07-01",251387
12,"FLORIDA",17,"2021-07-01",250545
13,"GEORGIA",5,"2021-07-01",135958
13,"GEORGIA",6,"2021-07-01",137793
13,"GEORGIA",7,"2021-07-01",137228
13,"GEORGIA",8,"2021-07-01",137411
13,"GEORGIA",9,"2021-07-01",139117
13,"GEORGIA",10,"2021-07-01",141361
13,"GEORGIA",11,"2021-07-01",144649
13,"GEORGIA",12,"2021-07-01",149139
13,"GEORGIA",13,"2021-07-01",156282
13,"GEORGIA",14,"2021-07-01",156309
13,"GEORGIA",15,"2021-07-01",153418
13,"GEORGIA",16,"2021-07-01",151038
13,"GEORGIA",17,"2021-07-01",151284
15,"HAWAII",5,"2021-07-01",17636
15,"HAWAII",6,"2021-07-01",17712
15,"HAWAII",7,"2021-07-01",17881
15,"HAWAII",8,"2021-07-01",17966
15,"HAWAII",9,"2021-07-01",17740
15,"HAWAII",10,"2021-07-01",17578
15,"HAWAII",11,"2021-07-01",16972
15,"HAWAII",12,"2021-07-01",16664
15,"HAWAII",13,"2021-07-01",16994
15,"HAWAII",14,"2021-07-01",16537
15,"HAWAII",15,"2021-07-01",16032
15,"HAWAII",16,"2021-07-01",15890
15,"HAWAII",17,"2021-07-01",16012
16,"IDAHO",5,"2021-07-01",25644
16,"IDAHO",6,"2021-07-01",26073
16,"IDAHO",7,"2021-07-01",25818
16,"IDAHO",8,"2021-07-01",25918
16,"IDAHO",9,"2021-07-01",25976
16,"IDAHO",10,"2021-07-01",26428
16,"IDAHO",11,"2021-07-01",27410
16,"IDAHO",12,"2021-07-01",28196
16,"IDAHO",13,"2021-07-01",29266
16,"IDAHO",14,"2021-07-01",29219
16,"IDAHO",15,"2021-07-01",28601
16,"IDAHO",16,"2021-07-01",28096
16,"IDAHO",17,"2021-07-01",28057
17,"ILLINOIS",5,"2021-07-01",153210
17,"ILLINOIS",6,"2021-07-01",154297
17,"ILLINOIS",7,"2021-07-01",152557
17,"ILLINOIS",8,"2021-07-01",152077
17,"ILLINOIS",9,"2021-07-01",153456
17,"ILLINOIS",10,"2021-07-01",156060
17,"ILLINOIS",11,"2021-07-01",160286
17,"ILLINOIS",12,"2021-07-01",163932
17,"ILLINOIS",13,"2021-07-01",170505
17,"ILLINOIS",14,"2021-07-01",170908
17,"ILLINOIS",15,"2021-07-01",169097
17,"ILLINOIS",16,"2021-07-01",168929
17,"ILLINOIS",17,"2021-07-01",171289
18,"INDIANA",5,"2021-07-01",86948
18,"INDIANA",6,"2021-07-01",87760
18,"INDIANA",7,"2021-07-01",87588
18,"INDIANA",8,"2021-07-01",87414
18,"INDIANA",9,"2021-07-01",87403
18,"INDIANA",10,"2021-07-01",87682
18,"INDIANA",11,"2021-07-01",89883
18,"INDIANA",12,"2021-07-01",92151
18,"INDIANA",13,"2021-07-01",95531
18,"INDIANA",14,"2021-07-01",95425
18,"INDIANA",15,"2021-07-01",93897
18,"INDIANA",16,"2021-07-01",93065
18,"INDIANA",17,"2021-07-01",93950
19,"IOWA",5,"2021-07-01",40613
19,"IOWA",6,"2021-07-01",40910
19,"IOWA",7,"2021-07-01",40884
19,"IOWA",8,"2021-07-01",40391
19,"IOWA",9,"2021-07-01",39981
19,"IOWA",10,"2021-07-01",40144
19,"IOWA",11,"2021-07-01",41819
19,"IOWA",12,"2021-07-01",43192
19,"IOWA",13,"2021-07-01",44815
19,"IOWA",14,"2021-07-01",44675
19,"IOWA",15,"2021-07-01",43862
19,"IOWA",16,"2021-07-01",43055
19,"IOWA",17,"2021-07-01",42979
20,"KANSAS",5,"2021-07-01",38563
20,"KANSAS",6,"2021-07-01",38783
20,"KANSAS",7,"2021-07-01",38937
20,"KANSAS",8,"2021-07-01",39080
20,"KANSAS",9,"2021-07-01",39232
20,"KANSAS",10,"2021-07-01",39661
20,"KANSAS",11,"2021-07-01",40736
20,"KANSAS",12,"2021-07-01",41390
20,"KANSAS",13,"2021-07-01",42505
20,"KANSAS",14,"2021-07-01",42389
20,"KANSAS",15,"2021-07-01",41519
20,"KANSAS",16,"2021-07-01",40864
20,"KANSAS",17,"2021-07-01",41258
21,"KENTUCKY",5,"2021-07-01",55781
21,"KENTUCKY",6,"2021-07-01",56200
21,"KENTUCKY",7,"2021-07-01",56249
21,"KENTUCKY",8,"2021-07-01",56042
21,"KENTUCKY",9,"2021-07-01",55692
21,"KENTUCKY",10,"2021-07-01",55788
21,"KENTUCKY",11,"2021-07-01",56845
21,"KENTUCKY",12,"2021-07-01",58582
21,"KENTUCKY",13,"2021-07-01",60809
21,"KENTUCKY",14,"2021-07-01",60738
21,"KENTUCKY",15,"2021-07-01",59511
21,"KENTUCKY",16,"2021-07-01",59014
21,"KENTUCKY",17,"2021-07-01",59540
22,"LOUISIANA",5,"2021-07-01",61035
22,"LOUISIANA",6,"2021-07-01",61134
22,"LOUISIANA",7,"2021-07-01",60593
22,"LOUISIANA",8,"2021-07-01",59423
22,"LOUISIANA",9,"2021-07-01",59141
22,"LOUISIANA",10,"2021-07-01",59277
22,"LOUISIANA",11,"2021-07-01",60564
22,"LOUISIANA",12,"2021-07-01",62474
22,"LOUISIANA",13,"2021-07-01",64901
22,"LOUISIANA",14,"2021-07-01",64605
22,"LOUISIANA",15,"2021-07-01",62519
22,"LOUISIANA",16,"2021-07-01",61168
22,"LOUISIANA",17,"2021-07-01",60960
23,"MAINE",5,"2021-07-01",13496
23,"MAINE",6,"2021-07-01",13617
23,"MAINE",7,"2021-07-01",13690
23,"MAINE",8,"2021-07-01",13680
23,"MAINE",9,"2021-07-01",13669
23,"MAINE",10,"2021-07-01",13810
23,"MAINE",11,"2021-07-01",14455
23,"MAINE",12,"2021-07-01",14850
23,"MAINE",13,"2021-07-01",15440
23,"MAINE",14,"2021-07-01",15557
23,"MAINE",15,"2021-07-01",15491
23,"MAINE",16,"2021-07-01",15761
23,"MAINE",17,"2021-07-01",16053
24,"MARYLAND",5,"2021-07-01",75170
24,"MARYLAND",6,"2021-07-01",75557
24,"MARYLAND",7,"2021-07-01",74960
24,"MARYLAND",8,"2021-07-01",74867
24,"MARYLAND",9,"2021-07-01",75362
24,"MARYLAND",10,"2021-07-01",76445
24,"MARYLAND",11,"2021-07-01",77714
24,"MARYLAND",12,"2021-07-01",78765
24,"MARYLAND",13,"2021-07-01",81793
24,"MARYLAND",14,"2021-07-01",81195
24,"MARYLAND",15,"2021-07-01",79373
24,"MARYLAND",16,"2021-07-01",78594
24,"MARYLAND",17,"2021-07-01",78921
25,"MASSACHUSETTS",5,"2021-07-01",73039
25,"MASSACHUSETTS",6,"2021-07-01",73819
25,"MASSACHUSETTS",7,"2021-07-01",74048
25,"MASSACHUSETTS",8,"2021-07-01",74319
25,"MASSACHUSETTS",9,"2021-07-01",74898
25,"MASSACHUSETTS",10,"2021-07-01",75788
25,"MASSACHUSETTS",11,"2021-07-01",77131
25,"MASSACHUSETTS",12,"2021-07-01",78664
25,"MASSACHUSETTS",13,"2021-07-01",81722
25,"MASSACHUSETTS",14,"2021-07-01",82162
25,"MASSACHUSETTS",15,"2021-07-01",81987
25,"MASSACHUSETTS",16,"2021-07-01",82546
25,"MASSACHUSETTS",17,"2021-07-01",85088
26,"MICHIGAN",5,"2021-07-01",117531
26,"MICHIGAN",6,"2021-07-01",118416
26,"MICHIGAN",7,"2021-07-01",118444
26,"MICHIGAN",8,"2021-07-01",117784
26,"MICHIGAN",9,"2021-07-01",117829
26,"MICHIGAN",10,"2021-07-01",119010
26,"MICHIGAN",11,"2021-07-01",122179
26,"MICHIGAN",12,"2021-07-01",124698
26,"MICHIGAN",13,"2021-07-01",129325
26,"MICHIGAN",14,"2021-07-01",130074
26,"MICHIGAN",15,"2021-07-01",129176
26,"MICHIGAN",16,"2021-07-01",129116
26,"MICHIGAN",17,"2021-07-01",131442
27,"MINNESOTA",5,"2021-07-01",73141
27,"MINNESOTA",6,"2021-07-01",73687
27,"MINNESOTA",7,"2021-07-01",73728
27,"MINNESOTA",8,"2021-07-01",73126
27,"MINNESOTA",9,"2021-07-01",72870
27,"MINNESOTA",10,"2021-07-01",73031
27,"MINNESOTA",11,"2021-07-01",74961
27,"MINNESOTA",12,"2021-07-01",76591
27,"MINNESOTA",13,"2021-07-01",79096
27,"MINNESOTA",14,"2021-07-01",78784
27,"MINNESOTA",15,"2021-07-01",77329
27,"MINNESOTA",16,"2021-07-01",76530
27,"MINNESOTA",17,"2021-07-01",77189
28,"MISSISSIPPI",5,"2021-07-01",36888
28,"MISSISSIPPI",6,"2021-07-01",37095
28,"MISSISSIPPI",7,"2021-07-01",37048
28,"MISSISSIPPI",8,"2021-07-01",36933
28,"MISSISSIPPI",9,"2021-07-01",37483
28,"MISSISSIPPI",10,"2021-07-01",37892
28,"MISSISSIPPI",11,"2021-07-01",39222
28,"MISSISSIPPI",12,"2021-07-01",41291
28,"MISSISSIPPI",13,"2021-07-01",43572
28,"MISSISSIPPI",14,"2021-07-01",44016
28,"MISSISSIPPI",15,"2021-07-01",42325
28,"MISSISSIPPI",16,"2021-07-01",41254
28,"MISSISSIPPI",17,"2021-07-01",40925
29,"MISSOURI",5,"2021-07-01",75745
29,"MISSOURI",6,"2021-07-01",76268
29,"MISSOURI",7,"2021-07-01",76339
29,"MISSOURI",8,"2021-07-01",75645
29,"MISSOURI",9,"2021-07-01",75724
29,"MISSOURI",10,"2021-07-01",76589
29,"MISSOURI",11,"2021-07-01",78154
29,"MISSOURI",12,"2021-07-01",80170
29,"MISSOURI",13,"2021-07-01",83278
29,"MISSOURI",14,"2021-07-01",83168
29,"MISSOURI",15,"2021-07-01",81861
29,"MISSOURI",16,"2021-07-01",80785
29,"MISSOURI",17,"2021-07-01",80786
30,"MONTANA",5,"2021-07-01",13196
30,"MONTANA",6,"2021-07-01",13297
30,"MONTANA",7,"2021-07-01",13293
30,"MONTANA",8,"2021-07-01",13203
30,"MONTANA",9,"2021-07-01",13215
30,"MONTANA",10,"2021-07-01",13159
30,"MONTANA",11,"2021-07-01",13485
30,"MONTANA",12,"2021-07-01",13909
30,"MONTANA",13,"2021-07-01",14434
30,"MONTANA",14,"2021-07-01",14290
30,"MONTANA",15,"2021-07-01",13957
30,"MONTANA",16,"2021-07-01",13660
30,"MONTANA",17,"2021-07-01",13721
31,"NEBRASKA",5,"2021-07-01",27070
31,"NEBRASKA",6,"2021-07-01",27355
31,"NEBRASKA",7,"2021-07-01",27154
31,"NEBRASKA",8,"2021-07-01",26710
31,"NEBRASKA",9,"2021-07-01",26511
31,"NEBRASKA",10,"2021-07-01",26610
31,"NEBRASKA",11,"2021-07-01",27383
31,"NEBRASKA",12,"2021-07-01",28072
31,"NEBRASKA",13,"2021-07-01",28716
31,"NEBRASKA",14,"2021-07-01",28365
31,"NEBRASKA",15,"2021-07-01",27824
31,"NEBRASKA",16,"2021-07-01",27703
31,"NEBRASKA",17,"2021-07-01",27621
32,"NEVADA",5,"2021-07-01",38634
32,"NEVADA",6,"2021-07-01",38884
32,"NEVADA",7,"2021-07-01",38642
32,"NEVADA",8,"2021-07-01",38628
32,"NEVADA",9,"2021-07-01",38575
32,"NEVADA",10,"2021-07-01",39513
32,"NEVADA",11,"2021-07-01",40097
32,"NEVADA",12,"2021-07-01",40978
32,"NEVADA",13,"2021-07-01",42838
32,"NEVADA",14,"2021-07-01",42529
32,"NEVADA",15,"2021-07-01",41255
32,"NEVADA",16,"2021-07-01",40285
32,"NEVADA",17,"2021-07-01",39813
33,"NEW HAMPSHIRE",5,"2021-07-01",13578
33,"NEW HAMPSHIRE",6,"2021-07-01",13680
33,"NEW HAMPSHIRE",7,"2021-07-01",13795
33,"NEW HAMPSHIRE",8,"2021-07-01",14031
33,"NEW HAMPSHIRE",9,"2021-07-01",14018
33,"NEW HAMPSHIRE",10,"2021-07-01",14423
33,"NEW HAMPSHIRE",11,"2021-07-01",14773
33,"NEW HAMPSHIRE",12,"2021-07-01",15093
33,"NEW HAMPSHIRE",13,"2021-07-01",15806
33,"NEW HAMPSHIRE",14,"2021-07-01",16043
33,"NEW HAMPSHIRE",15,"2021-07-01",16117
33,"NEW HAMPSHIRE",16,"2021-07-01",16198
33,"NEW HAMPSHIRE",17,"2021-07-01",16529
34,"NEW JERSEY",5,"2021-07-01",110107
34,"NEW JERSEY",6,"2021-07-01",110455
34,"NEW JERSEY",7,"2021-07-01",110285
34,"NEW JERSEY",8,"2021-07-01",110523
34,"NEW JERSEY",9,"2021-07-01",111375
34,"NEW JERSEY",10,"2021-07-01",113346
34,"NEW JERSEY",11,"2021-07-01",115329
34,"NEW JERSEY",12,"2021-07-01",117059
34,"NEW JERSEY",13,"2021-07-01",121531
34,"NEW JERSEY",14,"2021-07-01",121748
34,"NEW JERSEY",15,"2021-07-01",120333
34,"NEW JERSEY",16,"2021-07-01",120030
34,"NEW JERSEY",17,"2021-07-01",121812
35,"NEW MEXICO",5,"2021-07-01",25188
35,"NEW MEXICO",6,"2021-07-01",25709
35,"NEW MEXICO",7,"2021-07-01",25966
35,"NEW MEXICO",8,"2021-07-01",26244
35,"NEW MEXICO",9,"2021-07-01",26470
35,"NEW MEXICO",10,"2021-07-01",27069
35,"NEW MEXICO",11,"2021-07-01",27867
35,"NEW MEXICO",12,"2021-07-01",28583
35,"NEW MEXICO",13,"2021-07-01",29603
35,"NEW MEXICO",14,"2021-07-01",29458
35,"NEW MEXICO",15,"2021-07-01",28784
35,"NEW MEXICO",16,"2021-07-01",28630
35,"NEW MEXICO",17,"2021-07-01",28642
36,"NEW YORK",5,"2021-07-01",228151
36,"NEW YORK",6,"2021-07-01",229243
36,"NEW YORK",7,"2021-07-01",227049
36,"NEW YORK",8,"2021-07-01",227349
36,"NEW YORK",9,"2021-07-01",227793
36,"NEW YORK",10,"2021-07-01",229617
36,"NEW YORK",11,"2021-07-01",229737
36,"NEW YORK",12,"2021-07-01",230037
36,"NEW YORK",13,"2021-07-01",237465
36,"NEW YORK",14,"2021-07-01",236967
36,"NEW YORK",15,"2021-07-01",234945
36,"NEW YORK",16,"2021-07-01",235818
36,"NEW YORK",17,"2021-07-01",240090
37,"NORTH CAROLINA",5,"2021-07-01",124482
37,"NORTH CAROLINA",6,"2021-07-01",125727
37,"NORTH CAROLINA",7,"2021-07-01",125202
37,"NORTH CAROLINA",8,"2021-07-01",125006
37,"NORTH CAROLINA",9,"2021-07-01",125807
37,"NORTH CAROLINA",10,"2021-07-01",127276
37,"NORTH CAROLINA",11,"2021-07-01",131463
37,"NORTH CAROLINA",12,"2021-07-01",135695
37,"NORTH CAROLINA",13,"2021-07-01",141022
37,"NORTH CAROLINA",14,"2021-07-01",140653
37,"NORTH CAROLINA",15,"2021-07-01",138009
37,"NORTH CAROLINA",16,"2021-07-01",135685
37,"NORTH CAROLINA",17,"2021-07-01",136013
38,"NORTH DAKOTA",5,"2021-07-01",10965
38,"NORTH DAKOTA",6,"2021-07-01",10933
38,"NORTH DAKOTA",7,"2021-07-01",10658
38,"NORTH DAKOTA",8,"2021-07-01",10461
38,"NORTH DAKOTA",9,"2021-07-01",10282
38,"NORTH DAKOTA",10,"2021-07-01",10111
38,"NORTH DAKOTA",11,"2021-07-01",10240
38,"NORTH DAKOTA",12,"2021-07-01",10330
38,"NORTH DAKOTA",13,"2021-07-01",10545
38,"NORTH DAKOTA",14,"2021-07-01",10324
38,"NORTH DAKOTA",15,"2021-07-01",10094
38,"NORTH DAKOTA",16,"2021-07-01",9793
38,"NORTH DAKOTA",17,"2021-07-01",9575
39,"OHIO",5,"2021-07-01",143065
39,"OHIO",6,"2021-07-01",144280
39,"OHIO",7,"2021-07-01",144229
39,"OHIO",8,"2021-07-01",143776
39,"OHIO",9,"2021-07-01",142968
39,"OHIO",10,"2021-07-01",143072
39,"OHIO",11,"2021-07-01",146357
39,"OHIO",12,"2021-07-01",150576
39,"OHIO",13,"2021-07-01",155570
39,"OHIO",14,"2021-07-01",156106
39,"OHIO",15,"2021-07-01",154218
39,"OHIO",16,"2021-07-01",152779
39,"OHIO",17,"2021-07-01",154926
40,"OKLAHOMA",5,"2021-07-01",53564
40,"OKLAHOMA",6,"2021-07-01",53762
40,"OKLAHOMA",7,"2021-07-01",54097
40,"OKLAHOMA",8,"2021-07-01",54124
40,"OKLAHOMA",9,"2021-07-01",54064
40,"OKLAHOMA",10,"2021-07-01",54069
40,"OKLAHOMA",11,"2021-07-01",55056
40,"OKLAHOMA",12,"2021-07-01",55975
40,"OKLAHOMA",13,"2021-07-01",57758
40,"OKLAHOMA",14,"2021-07-01",57273
40,"OKLAHOMA",15,"2021-07-01",55574
40,"OKLAHOMA",16,"2021-07-01",54829
40,"OKLAHOMA",17,"2021-07-01",55016
41,"OREGON",5,"2021-07-01",47187
41,"OREGON",6,"2021-07-01",47954
41,"OREGON",7,"2021-07-01",48227
41,"OREGON",8,"2021-07-01",47998
41,"OREGON",9,"2021-07-01",48248
41,"OREGON",10,"2021-07-01",48917
41,"OREGON",11,"2021-07-01",50148
41,"OREGON",12,"2021-07-01",51142
41,"OREGON",13,"2021-07-01",53096
41,"OREGON",14,"2021-07-01",52685
41,"OREGON",15,"2021-07-01",51431
41,"OREGON",16,"2021-07-01",50530
41,"OREGON",17,"2021-07-01",51004
42,"PENNSYLVANIA",5,"2021-07-01",145356
42,"PENNSYLVANIA",6,"2021-07-01",147198
42,"PENNSYLVANIA",7,"2021-07-01",147556
42,"PENNSYLVANIA",8,"2021-07-01",147280
42,"PENNSYLVANIA",9,"2021-07-01",147414
42,"PENNSYLVANIA",10,"2021-07-01",148833
42,"PENNSYLVANIA",11,"2021-07-01",151958
42,"PENNSYLVANIA",12,"2021-07-01",155457
42,"PENNSYLVANIA",13,"2021-07-01",161039
42,"PENNSYLVANIA",14,"2021-07-01",161035
42,"PENNSYLVANIA",15,"2021-07-01",159178
42,"PENNSYLVANIA",16,"2021-07-01",159098
42,"PENNSYLVANIA",17,"2021-07-01",161253
44,"RHODE ISLAND",5,"2021-07-01",11574
44,"RHODE ISLAND",6,"2021-07-01",11493
44,"RHODE ISLAND",7,"2021-07-01",11401
44,"RHODE ISLAND",8,"2021-07-01",11283
44,"RHODE ISLAND",9,"2021-07-01",11345
44,"RHODE ISLAND",10,"2021-07-01",11407
44,"RHODE ISLAND",11,"2021-07-01",11650
44,"RHODE ISLAND",12,"2021-07-01",11842
44,"RHODE ISLAND",13,"2021-07-01",12456
44,"RHODE ISLAND",14,"2021-07-01",12555
44,"RHODE ISLAND",15,"2021-07-01",12616
44,"RHODE ISLAND",16,"2021-07-01",12699
44,"RHODE ISLAND",17,"2021-07-01",12956
45,"SOUTH CAROLINA",5,"2021-07-01",60459
45,"SOUTH CAROLINA",6,"2021-07-01",61166
45,"SOUTH CAROLINA",7,"2021-07-01",61210
45,"SOUTH CAROLINA",8,"2021-07-01",60844
45,"SOUTH CAROLINA",9,"2021-07-01",61510
45,"SOUTH CAROLINA",10,"2021-07-01",62130
45,"SOUTH CAROLINA",11,"2021-07-01",64568
45,"SOUTH CAROLINA",12,"2021-07-01",66902
45,"SOUTH CAROLINA",13,"2021-07-01",69319
45,"SOUTH CAROLINA",14,"2021-07-01",69093
45,"SOUTH CAROLINA",15,"2021-07-01",66972
45,"SOUTH CAROLINA",16,"2021-07-01",64984
45,"SOUTH CAROLINA",17,"2021-07-01",64971
46,"SOUTH DAKOTA",5,"2021-07-01",12368
46,"SOUTH DAKOTA",6,"2021-07-01",12337
46,"SOUTH DAKOTA",7,"2021-07-01",12384
46,"SOUTH DAKOTA",8,"2021-07-01",12263
46,"SOUTH DAKOTA",9,"2021-07-01",12167
46,"SOUTH DAKOTA",10,"2021-07-01",12147
46,"SOUTH DAKOTA",11,"2021-07-01",12436
46,"SOUTH DAKOTA",12,"2021-07-01",12732
46,"SOUTH DAKOTA",13,"2021-07-01",13000
46,"SOUTH DAKOTA",14,"2021-07-01",12913
46,"SOUTH DAKOTA",15,"2021-07-01",12532
46,"SOUTH DAKOTA",16,"2021-07-01",12296
46,"SOUTH DAKOTA",17,"2021-07-01",12186
47,"TENNESSEE",5,"2021-07-01",84687
47,"TENNESSEE",6,"2021-07-01",84906
47,"TENNESSEE",7,"2021-07-01",84349
47,"TENNESSEE",8,"2021-07-01",84078
47,"TENNESSEE",9,"2021-07-01",84324
47,"TENNESSEE",10,"2021-07-01",84243
47,"TENNESSEE",11,"2021-07-01",86404
47,"TENNESSEE",12,"2021-07-01",89343
47,"TENNESSEE",13,"2021-07-01",93366
47,"TENNESSEE",14,"2021-07-01",92804
47,"TENNESSEE",15,"2021-07-01",90868
47,"TENNESSEE",16,"2021-07-01",89298
47,"TENNESSEE",17,"2021-07-01",89654
48,"TEXAS",5,"2021-07-01",417653
48,"TEXAS",6,"2021-07-01",422434
48,"TEXAS",7,"2021-07-01",419812
48,"TEXAS",8,"2021-07-01",414859
48,"TEXAS",9,"2021-07-01",412277
48,"TEXAS",10,"2021-07-01",418575
48,"TEXAS",11,"2021-07-01",429479
48,"TEXAS",12,"2021-07-01",437158
48,"TEXAS",13,"2021-07-01",450878
48,"TEXAS",14,"2021-07-01",446733
48,"TEXAS",15,"2021-07-01",437328
48,"TEXAS",16,"2021-07-01",431718
48,"TEXAS",17,"2021-07-01",431087
49,"UTAH",5,"2021-07-01",51575
49,"UTAH",6,"2021-07-01",52250
49,"UTAH",7,"2021-07-01",52418
49,"UTAH",8,"2021-07-01",52575
49,"UTAH",9,"2021-07-01",52067
49,"UTAH",10,"2021-07-01",53216
49,"UTAH",11,"2021-07-01",55091
49,"UTAH",12,"2021-07-01",56356
49,"UTAH",13,"2021-07-01",58222
49,"UTAH",14,"2021-07-01",57979
49,"UTAH",15,"2021-07-01",56717
49,"UTAH",16,"2021-07-01",55826
49,"UTAH",17,"2021-07-01",55717
50,"VERMONT",5,"2021-07-01",6290
50,"VERMONT",6,"2021-07-01",6369
50,"VERMONT",7,"2021-07-01",6506
50,"VERMONT",8,"2021-07-01",6425
50,"VERMONT",9,"2021-07-01",6525
50,"VERMONT",10,"2021-07-01",6597
50,"VERMONT",11,"2021-07-01",6696
50,"VERMONT",12,"2021-07-01",6868
50,"VERMONT",13,"2021-07-01",7225
50,"VERMONT",14,"2021-07-01",7302
50,"VERMONT",15,"2021-07-01",7230
50,"VERMONT",16,"2021-07-01",7243
50,"VERMONT",17,"2021-07-01",7451
51,"VIRGINIA",5,"2021-07-01",104424
51,"VIRGINIA",6,"2021-07-01",104589
51,"VIRGINIA",7,"2021-07-01",103792
51,"VIRGINIA",8,"2021-07-01",103371
51,"VIRGINIA",9,"2021-07-01",104085
51,"VIRGINIA",10,"2021-07-01",104766
51,"VIRGINIA",11,"2021-07-01",106243
51,"VIRGINIA",12,"2021-07-01",108253
51,"VIRGINIA",13,"2021-07-01",112743
51,"VIRGINIA",14,"2021-07-01",112495
51,"VIRGINIA",15,"2021-07-01",110350
51,"VIRGINIA",16,"2021-07-01",109269
51,"VIRGINIA",17,"2021-07-01",109638
53,"WASHINGTON",5,"2021-07-01",94729
53,"WASHINGTON",6,"2021-07-01",95004
53,"WASHINGTON",7,"2021-07-01",94242
53,"WASHINGTON",8,"2021-07-01",94213
53,"WASHINGTON",9,"2021-07-01",93623
53,"WASHINGTON",10,"2021-07-01",94118
53,"WASHINGTON",11,"2021-07-01",96100
53,"WASHINGTON",12,"2021-07-01",97548
53,"WASHINGTON",13,"2021-07-01",100099
53,"WASHINGTON",14,"2021-07-01",98772
53,"WASHINGTON",15,"2021-07-01",95815
53,"WASHINGTON",16,"2021-07-01",94013
53,"WASHINGTON",17,"2021-07-01",93829
54,"WEST VIRGINIA",5,"2021-07-01",19140
54,"WEST VIRGINIA",6,"2021-07-01",19674
54,"WEST VIRGINIA",7,"2021-07-01",20054
54,"WEST VIRGINIA",8,"2021-07-01",20216
54,"WEST VIRGINIA",9,"2021-07-01",20137
54,"WEST VIRGINIA",10,"2021-07-01",20125
54,"WEST VIRGINIA",11,"2021-07-01",20533
54,"WEST VIRGINIA",12,"2021-07-01",21127
54,"WEST VIRGINIA",13,"2021-07-01",21987
54,"WEST VIRGINIA",14,"2021-07-01",21923
54,"WEST VIRGINIA",15,"2021-07-01",21563
54,"WEST VIRGINIA",16,"2021-07-01",21378
54,"WEST VIRGINIA",17,"2021-07-01",21767
55,"WISCONSIN",5,"2021-07-01",68929
55,"WISCONSIN",6,"2021-07-01",69380
55,"WISCONSIN",7,"2021-07-01",69371
55,"WISCONSIN",8,"2021-07-01",69358
55,"WISCONSIN",9,"2021-07-01",69786
55,"WISCONSIN",10,"2021-07-01",70726
55,"WISCONSIN",11,"2021-07-01",73605
55,"WISCONSIN",12,"2021-07-01",75442
55,"WISCONSIN",13,"2021-07-01",78277
55,"WISCONSIN",14,"2021-07-01",78501
55,"WISCONSIN",15,"2021-07-01",77358
55,"WISCONSIN",16,"2021-07-01",76543
55,"WISCONSIN",17,"2021-07-01",77235
56,"WYOMING",5,"2021-07-01",7239
56,"WYOMING",6,"2021-07-01",7292
56,"WYOMING",7,"2021-07-01",7276
56,"WYOMING",8,"2021-07-01",7330
56,"WYOMING",9,"2021-07-01",7317
56,"WYOMING",10,"2021-07-01",7474
56,"WYOMING",11,"2021-07-01",7823
56,"WYOMING",12,"2021-07-01",8087
56,"WYOMING",13,"2021-07-01",8307
56,"WYOMING",14,"2021-07-01",8293
56,"WYOMING",15,"2021-07-01",8113
56,"WYOMING",16,"2021-07-01",7896
56,"WYOMING",17,"2021-07-01",7686
