sch_year,fips,state,grade,enrollment
2019-2020,5,AR,pk_12_total,19877
2019-2020,6,CA,grade_1,35908
2019-2020,6,CA,grade_10,38213
2019-2020,6,CA,grade_11,37528
2019-2020,6,CA,grade_12,36953
2019-2020,6,CA,grade_2,34789
2019-2020,6,CA,grade_3,34371
2019-2020,6,CA,grade_4,34355
2019-2020,6,CA,grade_5,34136
2019-2020,6,CA,grade_6,37414
2019-2020,6,CA,grade_7,37854
2019-2020,6,CA,grade_8,38325
2019-2020,6,CA,grade_9,38425
2019-2020,6,CA,k_12_total,488984
2019-2020,6,CA,kindergarten,43624
2019-2020,6,CA,ungraded_elementary,1977
2019-2020,6,CA,ungraded_secondary,5112
2019-2020,8,CO,grade_1,2574
2019-2020,8,CO,grade_10,2657
2019-2020,8,CO,grade_11,2582
2019-2020,8,CO,grade_12,2464
2019-2020,8,CO,grade_2,2493
2019-2020,8,CO,grade_3,2534
2019-2020,8,CO,grade_4,2574
2019-2020,8,CO,grade_5,2635
2019-2020,8,CO,grade_6,2740
2019-2020,8,CO,grade_7,2656
2019-2020,8,CO,grade_8,2558
2019-2020,8,CO,grade_9,2724
2019-2020,8,CO,k_12_total,34409
2019-2020,8,CO,kindergarten,3218
2019-2020,9,CT,grade_1,2291
2019-2020,9,CT,grade_10,5703
2019-2020,9,CT,grade_11,5993
2019-2020,9,CT,grade_12,6331
2019-2020,9,CT,grade_2,2378
2019-2020,9,CT,grade_3,2512
2019-2020,9,CT,grade_4,2593
2019-2020,9,CT,grade_5,2801
2019-2020,9,CT,grade_6,3227
2019-2020,9,CT,grade_7,3519
2019-2020,9,CT,grade_8,3614
2019-2020,9,CT,grade_9,5362
2019-2020,9,CT,k_12_total,48717
2019-2020,9,CT,kindergarten_extended,24
2019-2020,9,CT,kindergarten_full_day,2333
2019-2020,9,CT,kindergarten_half_day,36
2019-2020,10,DE,k_12_total,15074
2019-2020,11,DC,k_12_total,15107
2019-2020,12,FL,grade_1,27020
2019-2020,12,FL,grade_10,25641
2019-2020,12,FL,grade_11,24290
2019-2020,12,FL,grade_12,25125
2019-2020,12,FL,grade_2,27154
2019-2020,12,FL,grade_3,27409
2019-2020,12,FL,grade_4,26848
2019-2020,12,FL,grade_5,27172
2019-2020,12,FL,grade_6,29332
2019-2020,12,FL,grade_7,28447
2019-2020,12,FL,grade_8,27672
2019-2020,12,FL,grade_9,26693
2019-2020,12,FL,k_12_total,352821
2019-2020,12,FL,kindergarten,30018
2019-2020,13,GA,grade_1,6440
2019-2020,13,GA,grade_10,8360
2019-2020,13,GA,grade_11,8064
2019-2020,13,GA,grade_12,7859
2019-2020,13,GA,grade_2,6427
2019-2020,13,GA,grade_3,6526
2019-2020,13,GA,grade_4,6811
2019-2020,13,GA,grade_5,7203
2019-2020,13,GA,grade_6,8492
2019-2020,13,GA,grade_7,8903
2019-2020,13,GA,grade_8,8597
2019-2020,13,GA,grade_9,8352
2019-2020,13,GA,k_12_total,98638
2019-2020,13,GA,kindergarten,6604
2019-2020,15,HI,grade_1,1811
2019-2020,15,HI,grade_10,2960
2019-2020,15,HI,grade_11,2901
2019-2020,15,HI,grade_12,2741
2019-2020,15,HI,grade_2,1720
2019-2020,15,HI,grade_3,1755
2019-2020,15,HI,grade_4,1801
2019-2020,15,HI,grade_5,1817
2019-2020,15,HI,grade_6,2400
2019-2020,15,HI,grade_7,2840
2019-2020,15,HI,grade_8,2728
2019-2020,15,HI,grade_9,2913
2019-2020,15,HI,k_12_total,30492
2019-2020,15,HI,kindergarten,2105
2019-2020,17,IL,grade_1,11587
2019-2020,17,IL,grade_10,11402
2019-2020,17,IL,grade_11,11235
2019-2020,17,IL,grade_12,11013
2019-2020,17,IL,grade_2,11329
2019-2020,17,IL,grade_3,11015
2019-2020,17,IL,grade_4,11132
2019-2020,17,IL,grade_5,11563
2019-2020,17,IL,grade_6,11781
2019-2020,17,IL,grade_7,12179
2019-2020,17,IL,grade_8,11799
2019-2020,17,IL,grade_9,11884
2019-2020,17,IL,k_12_estimate,166582
2019-2020,17,IL,kindergarten,13382
2019-2020,17,IL,pk_12_total,193574
2019-2020,17,IL,pre_k,26854
2019-2020,17,IL,ungraded_elementary,124
2019-2020,17,IL,ungraded_pre_k,138
2019-2020,17,IL,ungraded_secondary,16
2019-2020,18,IN,grade_1,6400
2019-2020,18,IN,grade_10,4983
2019-2020,18,IN,grade_11,4826
2019-2020,18,IN,grade_12,4806
2019-2020,18,IN,grade_2,6384
2019-2020,18,IN,grade_3,6378
2019-2020,18,IN,grade_4,6614
2019-2020,18,IN,grade_5,6492
2019-2020,18,IN,grade_6,6504
2019-2020,18,IN,grade_7,6170
2019-2020,18,IN,grade_8,6058
2019-2020,18,IN,grade_9,4938
2019-2020,18,IN,k_12_total,76976
2019-2020,18,IN,kindergarten,6423
2019-2020,19,IA,grade_1,2972
2019-2020,19,IA,grade_10,1901
2019-2020,19,IA,grade_11,1810
2019-2020,19,IA,grade_12,1798
2019-2020,19,IA,grade_2,3081
2019-2020,19,IA,grade_3,2858
2019-2020,19,IA,grade_4,2902
2019-2020,19,IA,grade_5,2839
2019-2020,19,IA,grade_6,2676
2019-2020,19,IA,grade_7,2582
2019-2020,19,IA,grade_8,2456
2019-2020,19,IA,grade_9,1773
2019-2020,19,IA,k_12_total,32887
2019-2020,19,IA,kindergarten,3239
2019-2020,20,KS,3_and_4y_special_education,17
2019-2020,20,KS,grade_1,2344
2019-2020,20,KS,grade_10,1579
2019-2020,20,KS,grade_11,1681
2019-2020,20,KS,grade_12,1618
2019-2020,20,KS,grade_2,2280
2019-2020,20,KS,grade_3,2282
2019-2020,20,KS,grade_4,2253
2019-2020,20,KS,grade_5,2290
2019-2020,20,KS,grade_6,2145
2019-2020,20,KS,grade_7,2080
2019-2020,20,KS,grade_8,1922
2019-2020,20,KS,grade_9,1624
2019-2020,20,KS,k_12_total,26516
2019-2020,20,KS,kindergarten,2396
2019-2020,20,KS,ungraded_total,5
2019-2020,22,LA,k_12_total,110742
2019-2020,24,MD,grade_1,6279
2019-2020,24,MD,grade_10,8540
2019-2020,24,MD,grade_11,8108
2019-2020,24,MD,grade_12,7888
2019-2020,24,MD,grade_2,6232
2019-2020,24,MD,grade_3,6315
2019-2020,24,MD,grade_4,6320
2019-2020,24,MD,grade_5,6606
2019-2020,24,MD,grade_6,7673
2019-2020,24,MD,grade_7,7761
2019-2020,24,MD,grade_8,8172
2019-2020,24,MD,grade_9,8367
2019-2020,24,MD,k_12_total,95423
2019-2020,24,MD,kindergarten,7162
2019-2020,25,MA,grade_1,3019
2019-2020,25,MA,grade_10,7018
2019-2020,25,MA,grade_11,7170
2019-2020,25,MA,grade_12,7316
2019-2020,25,MA,grade_2,3019
2019-2020,25,MA,grade_3,3200
2019-2020,25,MA,grade_4,3409
2019-2020,25,MA,grade_5,3618
2019-2020,25,MA,grade_6,4290
2019-2020,25,MA,grade_7,4653
2019-2020,25,MA,grade_8,5037
2019-2020,25,MA,grade_9,6523
2019-2020,25,MA,k_12_total,61610
2019-2020,25,MA,kindergarten,3338
2019-2020,26,MI,grade_1,7209
2019-2020,26,MI,grade_10,6882
2019-2020,26,MI,grade_11,6856
2019-2020,26,MI,grade_12,6874
2019-2020,26,MI,grade_2,7206
2019-2020,26,MI,grade_3,7084
2019-2020,26,MI,grade_4,7180
2019-2020,26,MI,grade_5,7298
2019-2020,26,MI,grade_6,7279
2019-2020,26,MI,grade_7,6903
2019-2020,26,MI,grade_8,6997
2019-2020,26,MI,grade_9,6775
2019-2020,26,MI,k_12_total,92426
2019-2020,26,MI,kindergarten,7883
2019-2020,27,MN,grade_1,5455
2019-2020,27,MN,grade_10,4424
2019-2020,27,MN,grade_11,4297
2019-2020,27,MN,grade_12,4335
2019-2020,27,MN,grade_2,5307
2019-2020,27,MN,grade_3,5275
2019-2020,27,MN,grade_4,5223
2019-2020,27,MN,grade_5,5429
2019-2020,27,MN,grade_6,5446
2019-2020,27,MN,grade_7,5128
2019-2020,27,MN,grade_8,5236
2019-2020,27,MN,grade_9,4302
2019-2020,27,MN,k_12_total,65657
2019-2020,27,MN,kindergarten,5800
2019-2020,30,MT,k_12_total,7845
2019-2020,30,MT,kindergarten,NA
2019-2020,30,MT,ungraded_elementary_middle,5876
2019-2020,30,MT,ungraded_high_school,1969
2019-2020,31,NE,grade_1,2907
2019-2020,31,NE,grade_10,2322
2019-2020,31,NE,grade_11,2247
2019-2020,31,NE,grade_12,2218
2019-2020,31,NE,grade_2,2745
2019-2020,31,NE,grade_3,2763
2019-2020,31,NE,grade_4,2716
2019-2020,31,NE,grade_5,2672
2019-2020,31,NE,grade_6,2727
2019-2020,31,NE,grade_7,2506
2019-2020,31,NE,grade_8,2498
2019-2020,31,NE,grade_9,2346
2019-2020,31,NE,k_12_total,33725
2019-2020,31,NE,kindergarten,3058
2019-2020,32,NV,grade_1,1728
2019-2020,32,NV,grade_10,1193
2019-2020,32,NV,grade_11,1191
2019-2020,32,NV,grade_12,1106
2019-2020,32,NV,grade_2,1519
2019-2020,32,NV,grade_3,1539
2019-2020,32,NV,grade_4,1476
2019-2020,32,NV,grade_5,1440
2019-2020,32,NV,grade_6,1447
2019-2020,32,NV,grade_7,1526
2019-2020,32,NV,grade_8,1384
2019-2020,32,NV,grade_9,1389
2019-2020,32,NV,k_12_total,19325
2019-2020,32,NV,kindergarten,1962
2019-2020,33,NH,elementary_special_education,143
2019-2020,33,NH,grade_1,643
2019-2020,33,NH,grade_10,1875
2019-2020,33,NH,grade_11,1941
2019-2020,33,NH,grade_12,1975
2019-2020,33,NH,grade_2,658
2019-2020,33,NH,grade_3,727
2019-2020,33,NH,grade_4,710
2019-2020,33,NH,grade_5,739
2019-2020,33,NH,grade_6,824
2019-2020,33,NH,grade_7,804
2019-2020,33,NH,grade_8,863
2019-2020,33,NH,grade_9,1612
2019-2020,33,NH,k_12_total,14426
2019-2020,33,NH,kindergarten,728
2019-2020,33,NH,secondary_special_education,97
2019-2020,33,NH,ungraded_elementary,5
2019-2020,33,NH,ungraded_secondary,82
2019-2020,34,NJ,grade_1,11110
2019-2020,34,NJ,grade_10,12247
2019-2020,34,NJ,grade_11,12041
2019-2020,34,NJ,grade_12,11746
2019-2020,34,NJ,grade_2,10698
2019-2020,34,NJ,grade_3,10858
2019-2020,34,NJ,grade_4,10467
2019-2020,34,NJ,grade_5,10802
2019-2020,34,NJ,grade_6,10924
2019-2020,34,NJ,grade_7,10991
2019-2020,34,NJ,grade_8,11029
2019-2020,34,NJ,grade_9,12314
2019-2020,34,NJ,k_12_total,148678
2019-2020,34,NJ,kindergarten,13451
2019-2020,36,NY,grade_1,28542
2019-2020,36,NY,grade_10,31271
2019-2020,36,NY,grade_11,30463
2019-2020,36,NY,grade_12,28537
2019-2020,36,NY,grade_2,28148
2019-2020,36,NY,grade_3,28010
2019-2020,36,NY,grade_4,28000
2019-2020,36,NY,grade_5,28101
2019-2020,36,NY,grade_6,29246
2019-2020,36,NY,grade_7,29116
2019-2020,36,NY,grade_8,28327
2019-2020,36,NY,grade_9,31389
2019-2020,36,NY,k_12_total,390779
2019-2020,36,NY,kindergarten_full_day,31938
2019-2020,36,NY,kindergarten_half_day,1131
2019-2020,36,NY,ungraded_elementary,3857
2019-2020,36,NY,ungraded_secondary,4703
2019-2020,37,NC,grade_1,7980
2019-2020,37,NC,grade_10,7352
2019-2020,37,NC,grade_11,7022
2019-2020,37,NC,grade_12,6699
2019-2020,37,NC,grade_2,7841
2019-2020,37,NC,grade_3,7971
2019-2020,37,NC,grade_4,8027
2019-2020,37,NC,grade_5,8324
2019-2020,37,NC,grade_6,8822
2019-2020,37,NC,grade_7,8816
2019-2020,37,NC,grade_8,8591
2019-2020,37,NC,grade_9,7721
2019-2020,37,NC,k_12_total,103959
2019-2020,37,NC,kindergarten,8793
2019-2020,38,ND,grade_1 ,870
2019-2020,38,ND,grade_10 ,441
2019-2020,38,ND,grade_11 ,418
2019-2020,38,ND,grade_12 ,401
2019-2020,38,ND,grade_2 ,802
2019-2020,38,ND,grade_3 ,711
2019-2020,38,ND,grade_4 ,772
2019-2020,38,ND,grade_5 ,702
2019-2020,38,ND,grade_6 ,667
2019-2020,38,ND,grade_7 ,614
2019-2020,38,ND,grade_8 ,594
2019-2020,38,ND,grade_9 ,446
2019-2020,38,ND,k_12_total,8353
2019-2020,38,ND,kindergarten,915
2019-2020,39,OH,grade_1,13091
2019-2020,39,OH,grade_10,12337
2019-2020,39,OH,grade_11,11968
2019-2020,39,OH,grade_12,11629
2019-2020,39,OH,grade_2,13081
2019-2020,39,OH,grade_3,13023
2019-2020,39,OH,grade_4,12809
2019-2020,39,OH,grade_5,13259
2019-2020,39,OH,grade_6,13146
2019-2020,39,OH,grade_7,12415
2019-2020,39,OH,grade_8,12235
2019-2020,39,OH,grade_9,12459
2019-2020,39,OH,k_12_total,166189
2019-2020,39,OH,kindergarten,14737
2019-2020,42,PA,grade_1,16061
2019-2020,42,PA,grade_10,14057
2019-2020,42,PA,grade_11,13921
2019-2020,42,PA,grade_12,13916
2019-2020,42,PA,grade_2,15490
2019-2020,42,PA,grade_3,15402
2019-2020,42,PA,grade_4,15628
2019-2020,42,PA,grade_5,15572
2019-2020,42,PA,grade_6,15705
2019-2020,42,PA,grade_7_elementary,14627
2019-2020,42,PA,grade_7_secondary,758
2019-2020,42,PA,grade_8_elementary,14557
2019-2020,42,PA,grade_8_secondary,792
2019-2020,42,PA,grade_9,13770
2019-2020,42,PA,k_12_total,199227
2019-2020,42,PA,kindergarten_4,18
2019-2020,42,PA,kindergarten_5,17782
2019-2020,42,PA,ungraded_elementary,845
2019-2020,42,PA,ungraded_secondary,326
2019-2020,44,RI,grade_1,658
2019-2020,44,RI,grade_10,1004
2019-2020,44,RI,grade_11,1063
2019-2020,44,RI,grade_12,1109
2019-2020,44,RI,grade_2,677
2019-2020,44,RI,grade_3,671
2019-2020,44,RI,grade_4,720
2019-2020,44,RI,grade_5,741
2019-2020,44,RI,grade_6,868
2019-2020,44,RI,grade_7,995
2019-2020,44,RI,grade_8,999
2019-2020,44,RI,grade_9,922
2019-2020,44,RI,k_12_total,11167
2019-2020,44,RI,kindergarten,740
2019-2020,45,SC,grade_1,2791
2019-2020,45,SC,grade_10,2785
2019-2020,45,SC,grade_11,2316
2019-2020,45,SC,grade_12,2374
2019-2020,45,SC,grade_2,2676
2019-2020,45,SC,grade_3,2699
2019-2020,45,SC,grade_4,2658
2019-2020,45,SC,grade_5,2832
2019-2020,45,SC,grade_6,3024
2019-2020,45,SC,grade_7,3042
2019-2020,45,SC,grade_8,2998
2019-2020,45,SC,grade_9,2926
2019-2020,45,SC,k_12_total,36703
2019-2020,45,SC,kindergarten,3366
2019-2020,45,SC,ungraded_total,216
2019-2020,46,SD,grade_1,1262
2019-2020,46,SD,grade_10,1216
2019-2020,46,SD,grade_11,1073
2019-2020,46,SD,grade_12,1124
2019-2020,46,SD,grade_2,1237
2019-2020,46,SD,grade_3,1207
2019-2020,46,SD,grade_4,1167
2019-2020,46,SD,grade_5,1152
2019-2020,46,SD,grade_6,1153
2019-2020,46,SD,grade_7,1157
2019-2020,46,SD,grade_8,1144
2019-2020,46,SD,grade_9,1342
2019-2020,46,SD,k_12_total,15468
2019-2020,46,SD,kindergarten,1234
2019-2020,47,TN,k_12_total,79590
2019-2020,48,TX,k_12_total,235590
2019-2020,53,WA,grade_1,5457
2019-2020,53,WA,grade_10,4413
2019-2020,53,WA,grade_11,4053
2019-2020,53,WA,grade_12,4191
2019-2020,53,WA,grade_2,5165
2019-2020,53,WA,grade_3,5157
2019-2020,53,WA,grade_4,5086
2019-2020,53,WA,grade_5,5050
2019-2020,53,WA,grade_6,5596
2019-2020,53,WA,grade_7,5432
2019-2020,53,WA,grade_8,5146
2019-2020,53,WA,grade_9,4493
2019-2020,53,WA,k_12_total,73608
2019-2020,53,WA,kindergarten,6031
2019-2020,54,WV,k_12_total,11248
2019-2020,55,WI,grade_1,9258
2019-2020,55,WI,grade_10,6200
2019-2020,55,WI,grade_11,5885
2019-2020,55,WI,grade_12,5352
2019-2020,55,WI,grade_2,9314
2019-2020,55,WI,grade_3,9069
2019-2020,55,WI,grade_4,9133
2019-2020,55,WI,grade_5,9251
2019-2020,55,WI,grade_6,9349
2019-2020,55,WI,grade_7,8922
2019-2020,55,WI,grade_8,8667
2019-2020,55,WI,grade_9,6321
2019-2020,55,WI,k_12_total,114752
2019-2020,55,WI,kindergarten,9259
2019-2020,55,WI,kindergarten_4,8197
2019-2020,55,WI,ungraded_elementary,505
2019-2020,55,WI,ungraded_secondary,70
2020-2021,5,AR,pk_12_total,20202
2020-2021,6,CA,grade_1,35448
2020-2021,6,CA,grade_10,38127
2020-2021,6,CA,grade_11,36876
2020-2021,6,CA,grade_12,38099
2020-2021,6,CA,grade_2,33924
2020-2021,6,CA,grade_3,33670
2020-2021,6,CA,grade_4,33569
2020-2021,6,CA,grade_5,34063
2020-2021,6,CA,grade_6,35719
2020-2021,6,CA,grade_7,37079
2020-2021,6,CA,grade_8,37877
2020-2021,6,CA,grade_9,37810
2020-2021,6,CA,k_12_total,471653
2020-2021,6,CA,kindergarten,39392
2020-2021,6,CA,ungraded_elementary,0
2020-2021,6,CA,ungraded_secondary,0
2020-2021,8,CO,grade_1,2355
2020-2021,8,CO,grade_10,2756
2020-2021,8,CO,grade_11,2587
2020-2021,8,CO,grade_12,2605
2020-2021,8,CO,grade_2,2290
2020-2021,8,CO,grade_3,2257
2020-2021,8,CO,grade_4,2315
2020-2021,8,CO,grade_5,2403
2020-2021,8,CO,grade_6,2498
2020-2021,8,CO,grade_7,2522
2020-2021,8,CO,grade_8,2429
2020-2021,8,CO,grade_9,2776
2020-2021,8,CO,k_12_total,33080
2020-2021,8,CO,kindergarten,3287
2020-2021,9,CT,grade_1,2208
2020-2021,9,CT,grade_10,5560
2020-2021,9,CT,grade_11,5838
2020-2021,9,CT,grade_12,6325
2020-2021,9,CT,grade_2,2247
2020-2021,9,CT,grade_3,2318
2020-2021,9,CT,grade_4,2482
2020-2021,9,CT,grade_5,2700
2020-2021,9,CT,grade_6,2958
2020-2021,9,CT,grade_7,3405
2020-2021,9,CT,grade_8,3509
2020-2021,9,CT,grade_9,5112
2020-2021,9,CT,k_12_total,47016
2020-2021,9,CT,kindergarten_extended,38
2020-2021,9,CT,kindergarten_full_day,2287
2020-2021,9,CT,kindergarten_half_day,29
2020-2021,10,DE,grade_1,956
2020-2021,10,DE,grade_10,1527
2020-2021,10,DE,grade_11,1592
2020-2021,10,DE,grade_12,1619
2020-2021,10,DE,grade_2,926
2020-2021,10,DE,grade_3,874
2020-2021,10,DE,grade_4,912
2020-2021,10,DE,grade_5,957
2020-2021,10,DE,grade_6,1093
2020-2021,10,DE,grade_7,1072
2020-2021,10,DE,grade_8,1219
2020-2021,10,DE,grade_9,1537
2020-2021,10,DE,k_12_total,15829
2020-2021,10,DE,kindergarten,1325
2020-2021,10,DE,ungraded_elementary,144
2020-2021,10,DE,ungraded_secondary,76
2020-2021,11,DC,k_12_total,17027
2020-2021,12,FL,grade_1,27536
2020-2021,12,FL,grade_10,24215
2020-2021,12,FL,grade_11,22331
2020-2021,12,FL,grade_12,22359
2020-2021,12,FL,grade_2,25657
2020-2021,12,FL,grade_3,25619
2020-2021,12,FL,grade_4,25464
2020-2021,12,FL,grade_5,24888
2020-2021,12,FL,grade_6,25408
2020-2021,12,FL,grade_7,26971
2020-2021,12,FL,grade_8,26484
2020-2021,12,FL,grade_9,25079
2020-2021,12,FL,k_12_total,331572
2020-2021,12,FL,kindergarten,29561
2020-2021,13,GA,grade_1,6460
2020-2021,13,GA,grade_10,7984
2020-2021,13,GA,grade_11,7964
2020-2021,13,GA,grade_12,7785
2020-2021,13,GA,grade_2,6525
2020-2021,13,GA,grade_3,6604
2020-2021,13,GA,grade_4,6629
2020-2021,13,GA,grade_5,7048
2020-2021,13,GA,grade_6,7999
2020-2021,13,GA,grade_7,8489
2020-2021,13,GA,grade_8,8662
2020-2021,13,GA,grade_9,8184
2020-2021,13,GA,k_12_total,97240
2020-2021,13,GA,kindergarten,6907
2020-2021,15,HI,grade_1,1816
2020-2021,15,HI,grade_10,2819
2020-2021,15,HI,grade_11,2923
2020-2021,15,HI,grade_12,2845
2020-2021,15,HI,grade_2,1757
2020-2021,15,HI,grade_3,1719
2020-2021,15,HI,grade_4,1786
2020-2021,15,HI,grade_5,1825
2020-2021,15,HI,grade_6,2173
2020-2021,15,HI,grade_7,2665
2020-2021,15,HI,grade_8,2732
2020-2021,15,HI,grade_9,2860
2020-2021,15,HI,k_12_total,30016
2020-2021,15,HI,kindergarten,2096
2020-2021,17,IL,grade_1,12740
2020-2021,17,IL,grade_10,11226
2020-2021,17,IL,grade_11,11137
2020-2021,17,IL,grade_12,11210
2020-2021,17,IL,grade_2,12174
2020-2021,17,IL,grade_3,11885
2020-2021,17,IL,grade_4,11778
2020-2021,17,IL,grade_5,11873
2020-2021,17,IL,grade_6,12382
2020-2021,17,IL,grade_7,12160
2020-2021,17,IL,grade_8,12765
2020-2021,17,IL,grade_9,11221
2020-2021,17,IL,k_12_estimate,158156
2020-2021,17,IL,kindergarten,13606
2020-2021,17,IL,pk_12_total,176944
2020-2021,17,IL,pre_k,17876
2020-2021,17,IL,ungraded_elementary,247
2020-2021,17,IL,ungraded_pre_k,912
2020-2021,17,IL,ungraded_secondary,39
2020-2021,18,IN,grade_1,6147
2020-2021,18,IN,grade_10,4717
2020-2021,18,IN,grade_11,4690
2020-2021,18,IN,grade_12,4548
2020-2021,18,IN,grade_2,6078
2020-2021,18,IN,grade_3,6144
2020-2021,18,IN,grade_4,6097
2020-2021,18,IN,grade_5,6260
2020-2021,18,IN,grade_6,6068
2020-2021,18,IN,grade_7,5943
2020-2021,18,IN,grade_8,5802
2020-2021,18,IN,grade_9,4766
2020-2021,18,IN,k_12_total,73329
2020-2021,18,IN,kindergarten,6069
2020-2021,19,IA,grade_1,2779
2020-2021,19,IA,grade_10,1776
2020-2021,19,IA,grade_11,1765
2020-2021,19,IA,grade_12,1716
2020-2021,19,IA,grade_2,2764
2020-2021,19,IA,grade_3,2824
2020-2021,19,IA,grade_4,2620
2020-2021,19,IA,grade_5,2660
2020-2021,19,IA,grade_6,2563
2020-2021,19,IA,grade_7,2251
2020-2021,19,IA,grade_8,2322
2020-2021,19,IA,grade_9,1660
2020-2021,19,IA,k_12_total,30729
2020-2021,19,IA,kindergarten,3029
2020-2021,20,KS,3_and_4y_special_education,14
2020-2021,20,KS,grade_1,2293
2020-2021,20,KS,grade_10,1569
2020-2021,20,KS,grade_11,1515
2020-2021,20,KS,grade_12,1638
2020-2021,20,KS,grade_2,2266
2020-2021,20,KS,grade_3,2246
2020-2021,20,KS,grade_4,2168
2020-2021,20,KS,grade_5,2212
2020-2021,20,KS,grade_6,2119
2020-2021,20,KS,grade_7,1947
2020-2021,20,KS,grade_8,1975
2020-2021,20,KS,grade_9,1500
2020-2021,20,KS,k_12_total,25786
2020-2021,20,KS,kindergarten,2301
2020-2021,20,KS,ungraded_total,23
2020-2021,22,LA,k_12_total,104925
2020-2021,24,MD,grade_1,6537
2020-2021,24,MD,grade_10,8824
2020-2021,24,MD,grade_11,8677
2020-2021,24,MD,grade_12,8380
2020-2021,24,MD,grade_2,6296
2020-2021,24,MD,grade_3,6363
2020-2021,24,MD,grade_4,6582
2020-2021,24,MD,grade_5,6596
2020-2021,24,MD,grade_6,7453
2020-2021,24,MD,grade_7,7962
2020-2021,24,MD,grade_8,8030
2020-2021,24,MD,grade_9,9122
2020-2021,24,MD,k_12_total,98180
2020-2021,24,MD,kindergarten,7358
2020-2021,25,MA,grade_1,4046
2020-2021,25,MA,grade_10,7488
2020-2021,25,MA,grade_11,7788
2020-2021,25,MA,grade_12,7788
2020-2021,25,MA,grade_2,3895
2020-2021,25,MA,grade_3,3932
2020-2021,25,MA,grade_4,4108
2020-2021,25,MA,grade_5,4460
2020-2021,25,MA,grade_6,5117
2020-2021,25,MA,grade_7,5708
2020-2021,25,MA,grade_8,5966
2020-2021,25,MA,grade_9,7117
2020-2021,25,MA,k_12_total,71734
2020-2021,25,MA,kindergarten,4321
2020-2021,26,MI,grade_1,7259
2020-2021,26,MI,grade_10,6347
2020-2021,26,MI,grade_11,6492
2020-2021,26,MI,grade_12,6467
2020-2021,26,MI,grade_2,7029
2020-2021,26,MI,grade_3,7024
2020-2021,26,MI,grade_4,6871
2020-2021,26,MI,grade_5,6992
2020-2021,26,MI,grade_6,6905
2020-2021,26,MI,grade_7,6872
2020-2021,26,MI,grade_8,6695
2020-2021,26,MI,grade_9,6162
2020-2021,26,MI,k_12_total,88961
2020-2021,26,MI,kindergarten,7846
2020-2021,27,MN,grade_1,5810
2020-2021,27,MN,grade_10,4245
2020-2021,27,MN,grade_11,4132
2020-2021,27,MN,grade_12,4015
2020-2021,27,MN,grade_2,5696
2020-2021,27,MN,grade_3,5461
2020-2021,27,MN,grade_4,5352
2020-2021,27,MN,grade_5,5271
2020-2021,27,MN,grade_6,5508
2020-2021,27,MN,grade_7,4990
2020-2021,27,MN,grade_8,4965
2020-2021,27,MN,grade_9,4221
2020-2021,27,MN,k_12_total,66138
2020-2021,27,MN,kindergarten,6472
2020-2021,30,MT,k_12_total,7600
2020-2021,30,MT,kindergarten,NA
2020-2021,30,MT,ungraded_elementary_middle,5897
2020-2021,30,MT,ungraded_high_school,1703
2020-2021,31,NE,grade_1,2765
2020-2021,31,NE,grade_10,2291
2020-2021,31,NE,grade_11,2260
2020-2021,31,NE,grade_12,2146
2020-2021,31,NE,grade_2,2744
2020-2021,31,NE,grade_3,2563
2020-2021,31,NE,grade_4,2558
2020-2021,31,NE,grade_5,2570
2020-2021,31,NE,grade_6,2525
2020-2021,31,NE,grade_7,2520
2020-2021,31,NE,grade_8,2428
2020-2021,31,NE,grade_9,2159
2020-2021,31,NE,k_12_total,32316
2020-2021,31,NE,kindergarten,2787
2020-2021,32,NV,grade_1,1652
2020-2021,32,NV,grade_10,1343
2020-2021,32,NV,grade_11,1184
2020-2021,32,NV,grade_12,1148
2020-2021,32,NV,grade_2,1622
2020-2021,32,NV,grade_3,1536
2020-2021,32,NV,grade_4,1502
2020-2021,32,NV,grade_5,1428
2020-2021,32,NV,grade_6,1543
2020-2021,32,NV,grade_7,1472
2020-2021,32,NV,grade_8,1457
2020-2021,32,NV,grade_9,1364
2020-2021,32,NV,k_12_total,19427
2020-2021,32,NV,kindergarten,2176
2020-2021,33,NH,grade_1,775
2020-2021,33,NH,grade_10,1873
2020-2021,33,NH,grade_11,1970
2020-2021,33,NH,grade_12,1997
2020-2021,33,NH,grade_2,750
2020-2021,33,NH,grade_3,733
2020-2021,33,NH,grade_4,768
2020-2021,33,NH,grade_5,767
2020-2021,33,NH,grade_6,878
2020-2021,33,NH,grade_7,946
2020-2021,33,NH,grade_8,938
2020-2021,33,NH,grade_9,1635
2020-2021,33,NH,k_12_total,14980
2020-2021,33,NH,kindergarten,847
2020-2021,33,NH,ungraded_elementary,27
2020-2021,33,NH,ungraded_secondary,76
2020-2021,34,NJ,grade_1,11463
2020-2021,34,NJ,grade_10,12121
2020-2021,34,NJ,grade_11,12098
2020-2021,34,NJ,grade_12,11826
2020-2021,34,NJ,grade_2,11071
2020-2021,34,NJ,grade_3,10521
2020-2021,34,NJ,grade_4,10687
2020-2021,34,NJ,grade_5,10355
2020-2021,34,NJ,grade_6,10744
2020-2021,34,NJ,grade_7,10800
2020-2021,34,NJ,grade_8,10856
2020-2021,34,NJ,grade_9,12287
2020-2021,34,NJ,k_12_total,148215
2020-2021,34,NJ,kindergarten,13252
2020-2021,34,NJ,ungraded_total,134
2020-2021,36,NY,grade_1,28104
2020-2021,36,NY,grade_10,30864
2020-2021,36,NY,grade_11,29832
2020-2021,36,NY,grade_12,28741
2020-2021,36,NY,grade_2,27379
2020-2021,36,NY,grade_3,27129
2020-2021,36,NY,grade_4,27003
2020-2021,36,NY,grade_5,27446
2020-2021,36,NY,grade_6,28299
2020-2021,36,NY,grade_7,28717
2020-2021,36,NY,grade_8,28423
2020-2021,36,NY,grade_9,30369
2020-2021,36,NY,k_12_total,382644
2020-2021,36,NY,kindergarten_full_day,30947
2020-2021,36,NY,kindergarten_half_day,984
2020-2021,36,NY,ungraded_elementary,3655
2020-2021,36,NY,ungraded_secondary,4752
2020-2021,37,NC,grade_1,8656
2020-2021,37,NC,grade_10,7413
2020-2021,37,NC,grade_11,6911
2020-2021,37,NC,grade_12,6795
2020-2021,37,NC,grade_2,8454
2020-2021,37,NC,grade_3,8315
2020-2021,37,NC,grade_4,8222
2020-2021,37,NC,grade_5,8462
2020-2021,37,NC,grade_6,8973
2020-2021,37,NC,grade_7,9003
2020-2021,37,NC,grade_8,8620
2020-2021,37,NC,grade_9,7656
2020-2021,37,NC,k_12_total,107341
2020-2021,37,NC,kindergarten,9861
2020-2021,38,ND,grade_1 ,835
2020-2021,38,ND,grade_10 ,426
2020-2021,38,ND,grade_11 ,398
2020-2021,38,ND,grade_12 ,404
2020-2021,38,ND,grade_2 ,836
2020-2021,38,ND,grade_3 ,786
2020-2021,38,ND,grade_4 ,712
2020-2021,38,ND,grade_5 ,728
2020-2021,38,ND,grade_6 ,617
2020-2021,38,ND,grade_7 ,574
2020-2021,38,ND,grade_8 ,589
2020-2021,38,ND,grade_9 ,466
2020-2021,38,ND,k_12_total,8296
2020-2021,38,ND,kindergarten,925
2020-2021,39,OH,grade_1,13109
2020-2021,39,OH,grade_10,12090
2020-2021,39,OH,grade_11,11792
2020-2021,39,OH,grade_12,11642
2020-2021,39,OH,grade_2,12678
2020-2021,39,OH,grade_3,12667
2020-2021,39,OH,grade_4,12510
2020-2021,39,OH,grade_5,12362
2020-2021,39,OH,grade_6,12726
2020-2021,39,OH,grade_7,12497
2020-2021,39,OH,grade_8,12004
2020-2021,39,OH,grade_9,12473
2020-2021,39,OH,k_12_total,162917
2020-2021,39,OH,kindergarten,14367
2020-2021,42,PA,grade_1,15498
2020-2021,42,PA,grade_10,13256
2020-2021,42,PA,grade_11,13509
2020-2021,42,PA,grade_12,13473
2020-2021,42,PA,grade_2,15110
2020-2021,42,PA,grade_3,14801
2020-2021,42,PA,grade_4,14661
2020-2021,42,PA,grade_5,14898
2020-2021,42,PA,grade_6,14898
2020-2021,42,PA,grade_7_elementary,14587
2020-2021,42,PA,grade_8_elementary,14536
2020-2021,42,PA,grade_9,13308
2020-2021,42,PA,k_12_total,203322
2020-2021,42,PA,kindergarten_4,0
2020-2021,42,PA,kindergarten_5,16836
2020-2021,42,PA,ungraded_elementary,697
2020-2021,42,PA,ungraded_secondary,13254
2020-2021,44,RI,grade_1,361
2020-2021,44,RI,grade_10,900
2020-2021,44,RI,grade_11,996
2020-2021,44,RI,grade_12,1070
2020-2021,44,RI,grade_2,370
2020-2021,44,RI,grade_3,377
2020-2021,44,RI,grade_4,386
2020-2021,44,RI,grade_5,431
2020-2021,44,RI,grade_6,551
2020-2021,44,RI,grade_7,570
2020-2021,44,RI,grade_8,671
2020-2021,44,RI,grade_9,932
2020-2021,44,RI,k_12_total,8053
2020-2021,44,RI,kindergarten,438
2020-2021,45,SC,grade_1,2820
2020-2021,45,SC,grade_10,2492
2020-2021,45,SC,grade_11,2379
2020-2021,45,SC,grade_12,2267
2020-2021,45,SC,grade_2,2737
2020-2021,45,SC,grade_3,2606
2020-2021,45,SC,grade_4,2518
2020-2021,45,SC,grade_5,2595
2020-2021,45,SC,grade_6,2707
2020-2021,45,SC,grade_7,2774
2020-2021,45,SC,grade_8,2877
2020-2021,45,SC,grade_9,2630
2020-2021,45,SC,k_12_total,33492
2020-2021,45,SC,kindergarten,3715
2020-2021,45,SC,ungraded_total,1419
2020-2021,46,SD,grade_1,1252
2020-2021,46,SD,grade_10,1148
2020-2021,46,SD,grade_11,1027
2020-2021,46,SD,grade_12,1078
2020-2021,46,SD,grade_2,1201
2020-2021,46,SD,grade_3,1149
2020-2021,46,SD,grade_4,1122
2020-2021,46,SD,grade_5,1085
2020-2021,46,SD,grade_6,1054
2020-2021,46,SD,grade_7,1114
2020-2021,46,SD,grade_8,1134
2020-2021,46,SD,grade_9,1112
2020-2021,46,SD,k_12_total,14547
2020-2021,46,SD,kindergarten,1071
2020-2021,47,TN,k_12_total,87360
2020-2021,50,VT,k_12_total,8616
2020-2021,53,WA,grade_1,5625
2020-2021,53,WA,grade_10,4548
2020-2021,53,WA,grade_11,4254
2020-2021,53,WA,grade_12,4069
2020-2021,53,WA,grade_2,5599
2020-2021,53,WA,grade_3,5426
2020-2021,53,WA,grade_4,5245
2020-2021,53,WA,grade_5,5427
2020-2021,53,WA,grade_6,5564
2020-2021,53,WA,grade_7,5396
2020-2021,53,WA,grade_8,5473
2020-2021,53,WA,grade_9,4555
2020-2021,53,WA,k_12_total,74856
2020-2021,53,WA,kindergarten,6466
2020-2021,54,WV,k_12_total,11241
2020-2021,55,WI,grade_1,9285
2020-2021,55,WI,grade_10,6052
2020-2021,55,WI,grade_11,5804
2020-2021,55,WI,grade_12,5460
2020-2021,55,WI,grade_2,9146
2020-2021,55,WI,grade_3,9147
2020-2021,55,WI,grade_4,8973
2020-2021,55,WI,grade_5,8993
2020-2021,55,WI,grade_6,9129
2020-2021,55,WI,grade_7,9169
2020-2021,55,WI,grade_8,8781
2020-2021,55,WI,grade_9,6474
2020-2021,55,WI,k_12_total,114508
2020-2021,55,WI,kindergarten,9525
2020-2021,55,WI,kindergarten_4,7611
2020-2021,55,WI,ungraded_elementary,959
2020-2021,55,WI,ungraded_secondary,0
2021-2022,5,AR,pk_12_total,15484
2021-2022,6,CA,grade_1,38790
2021-2022,6,CA,grade_10,38175
2021-2022,6,CA,grade_11,36729
2021-2022,6,CA,grade_12,37805
2021-2022,6,CA,grade_2,37733
2021-2022,6,CA,grade_3,36651
2021-2022,6,CA,grade_4,36264
2021-2022,6,CA,grade_5,36672
2021-2022,6,CA,grade_6,38916
2021-2022,6,CA,grade_7,37747
2021-2022,6,CA,grade_8,38718
2021-2022,6,CA,grade_9,39243
2021-2022,6,CA,k_12_total,498486
2021-2022,6,CA,kindergarten,45037
2021-2022,6,CA,ungraded_elementary,4
2021-2022,6,CA,ungraded_secondary,2
2021-2022,8,CO,grade_1,2630
2021-2022,8,CO,grade_10,2789
2021-2022,8,CO,grade_11,2743
2021-2022,8,CO,grade_12,2637
2021-2022,8,CO,grade_2,2571
2021-2022,8,CO,grade_3,2521
2021-2022,8,CO,grade_4,2486
2021-2022,8,CO,grade_5,2555
2021-2022,8,CO,grade_6,2674
2021-2022,8,CO,grade_7,2652
2021-2022,8,CO,grade_8,2567
2021-2022,8,CO,grade_9,2882
2021-2022,8,CO,k_12_total,34916
2021-2022,8,CO,kindergarten,3209
2021-2022,9,CT,grade_1,2405
2021-2022,9,CT,grade_10,5386
2021-2022,9,CT,grade_11,5691
2021-2022,9,CT,grade_12,6222
2021-2022,9,CT,grade_2,2318
2021-2022,9,CT,grade_3,2408
2021-2022,9,CT,grade_4,2425
2021-2022,9,CT,grade_5,2722
2021-2022,9,CT,grade_6,2968
2021-2022,9,CT,grade_7,3178
2021-2022,9,CT,grade_8,3507
2021-2022,9,CT,grade_9,5074
2021-2022,9,CT,k_12_total,46853
2021-2022,9,CT,kindergarten_extended,30
2021-2022,9,CT,kindergarten_full_day,2468
2021-2022,9,CT,kindergarten_half_day,51
2021-2022,10,DE,grade_1,1069
2021-2022,10,DE,grade_10,1416
2021-2022,10,DE,grade_11,1399
2021-2022,10,DE,grade_12,1412
2021-2022,10,DE,grade_2,1006
2021-2022,10,DE,grade_3,998
2021-2022,10,DE,grade_4,979
2021-2022,10,DE,grade_5,1036
2021-2022,10,DE,grade_6,1083
2021-2022,10,DE,grade_7,1178
2021-2022,10,DE,grade_8,1077
2021-2022,10,DE,grade_9,1430
2021-2022,10,DE,k_12_total,15630
2021-2022,10,DE,kindergarten,1323
2021-2022,10,DE,ungraded_elementary,163
2021-2022,10,DE,ungraded_secondary,61
2021-2022,11,DC,k_12_total,16220
2021-2022,12,FL,grade_1,31493
2021-2022,12,FL,grade_10,26107
2021-2022,12,FL,grade_11,24885
2021-2022,12,FL,grade_12,25666
2021-2022,12,FL,grade_2,29928
2021-2022,12,FL,grade_3,28686
2021-2022,12,FL,grade_4,28714
2021-2022,12,FL,grade_5,28655
2021-2022,12,FL,grade_6,29962
2021-2022,12,FL,grade_7,29439
2021-2022,12,FL,grade_8,29407
2021-2022,12,FL,grade_9,28411
2021-2022,12,FL,k_12_total,374962
2021-2022,12,FL,kindergarten,33609
2021-2022,13,GA,grade_1,7116
2021-2022,13,GA,grade_10,8207
2021-2022,13,GA,grade_11,7994
2021-2022,13,GA,grade_12,7655
2021-2022,13,GA,grade_2,6949
2021-2022,13,GA,grade_3,6932
2021-2022,13,GA,grade_4,7045
2021-2022,13,GA,grade_5,7179
2021-2022,13,GA,grade_6,8214
2021-2022,13,GA,grade_7,8377
2021-2022,13,GA,grade_8,8744
2021-2022,13,GA,grade_9,8487
2021-2022,13,GA,k_12_total,100246
2021-2022,13,GA,kindergarten,7347
2021-2022,15,HI,grade_1,1950
2021-2022,15,HI,grade_10,2848
2021-2022,15,HI,grade_11,2819
2021-2022,15,HI,grade_12,2925
2021-2022,15,HI,grade_2,1892
2021-2022,15,HI,grade_3,1866
2021-2022,15,HI,grade_4,1921
2021-2022,15,HI,grade_5,1889
2021-2022,15,HI,grade_6,2414
2021-2022,15,HI,grade_7,2515
2021-2022,15,HI,grade_8,2770
2021-2022,15,HI,grade_9,3014
2021-2022,15,HI,k_12_total,31018
2021-2022,15,HI,kindergarten,2195
2021-2022,17,IL,grade_1,12438
2021-2022,17,IL,grade_10,11409
2021-2022,17,IL,grade_11,11489
2021-2022,17,IL,grade_12,12071
2021-2022,17,IL,grade_2,12109
2021-2022,17,IL,grade_3,11492
2021-2022,17,IL,grade_4,11336
2021-2022,17,IL,grade_5,11194
2021-2022,17,IL,grade_6,11490
2021-2022,17,IL,grade_7,11643
2021-2022,17,IL,grade_8,11586
2021-2022,17,IL,grade_9,12375
2021-2022,17,IL,k_12_estimate,166129
2021-2022,17,IL,kindergarten,13776
2021-2022,17,IL,pk_12_total,190123
2021-2022,17,IL,pre_k,23114
2021-2022,17,IL,ungraded_elementary,60
2021-2022,17,IL,ungraded_pre_k,880
2021-2022,17,IL,ungraded_secondary,32
2021-2022,18,IN,grade_1,6520
2021-2022,18,IN,grade_10,4799
2021-2022,18,IN,grade_11,4608
2021-2022,18,IN,grade_12,4496
2021-2022,18,IN,grade_2,6516
2021-2022,18,IN,grade_3,6458
2021-2022,18,IN,grade_4,6482
2021-2022,18,IN,grade_5,6457
2021-2022,18,IN,grade_6,6288
2021-2022,18,IN,grade_7,6104
2021-2022,18,IN,grade_8,5976
2021-2022,18,IN,grade_9,4971
2021-2022,18,IN,k_12_total,76360
2021-2022,18,IN,kindergarten,6685
2021-2022,19,IA,grade_1,3136
2021-2022,19,IA,grade_10,1804
2021-2022,19,IA,grade_11,1799
2021-2022,19,IA,grade_12,1899
2021-2022,19,IA,grade_2,3005
2021-2022,19,IA,grade_3,3017
2021-2022,19,IA,grade_4,3003
2021-2022,19,IA,grade_5,2786
2021-2022,19,IA,grade_6,2709
2021-2022,19,IA,grade_7,2432
2021-2022,19,IA,grade_8,2410
2021-2022,19,IA,grade_9,1965
2021-2022,19,IA,k_12_total,33304
2021-2022,19,IA,kindergarten,3339
2021-2022,20,KS,3_and_4y_special_education,7
2021-2022,20,KS,grade_1,2364
2021-2022,20,KS,grade_10,1524
2021-2022,20,KS,grade_11,1598
2021-2022,20,KS,grade_12,1541
2021-2022,20,KS,grade_2,2337
2021-2022,20,KS,grade_3,2363
2021-2022,20,KS,grade_4,2282
2021-2022,20,KS,grade_5,2242
2021-2022,20,KS,grade_6,2193
2021-2022,20,KS,grade_7,1981
2021-2022,20,KS,grade_8,1885
2021-2022,20,KS,grade_9,1626
2021-2022,20,KS,k_12_total,26346
2021-2022,20,KS,kindergarten,2374
2021-2022,20,KS,ungraded_total,29
2021-2022,22,LA,k_12_total,107489
2021-2022,24,MD,grade_1,7273
2021-2022,24,MD,grade_10,7964
2021-2022,24,MD,grade_11,7568
2021-2022,24,MD,grade_12,7340
2021-2022,24,MD,grade_2,6996
2021-2022,24,MD,grade_3,6977
2021-2022,24,MD,grade_4,6938
2021-2022,24,MD,grade_5,7191
2021-2022,24,MD,grade_6,7829
2021-2022,24,MD,grade_7,7694
2021-2022,24,MD,grade_8,7991
2021-2022,24,MD,grade_9,8002
2021-2022,24,MD,k_12_total,97900
2021-2022,24,MD,kindergarten,8137
2021-2022,25,MA,grade_1,4159
2021-2022,25,MA,grade_10,7667
2021-2022,25,MA,grade_11,7616
2021-2022,25,MA,grade_12,7982
2021-2022,25,MA,grade_2,3944
2021-2022,25,MA,grade_3,3960
2021-2022,25,MA,grade_4,4092
2021-2022,25,MA,grade_5,4365
2021-2022,25,MA,grade_6,4977
2021-2022,25,MA,grade_7,5539
2021-2022,25,MA,grade_8,6014
2021-2022,25,MA,grade_9,7739
2021-2022,25,MA,k_12_total,72450
2021-2022,25,MA,kindergarten,4396
2021-2022,26,MI,grade_1,7479
2021-2022,26,MI,grade_10,6481
2021-2022,26,MI,grade_11,6554
2021-2022,26,MI,grade_12,6718
2021-2022,26,MI,grade_2,7313
2021-2022,26,MI,grade_3,7010
2021-2022,26,MI,grade_4,7136
2021-2022,26,MI,grade_5,6906
2021-2022,26,MI,grade_6,7015
2021-2022,26,MI,grade_7,6953
2021-2022,26,MI,grade_8,6981
2021-2022,26,MI,grade_9,6418
2021-2022,26,MI,k_12_total,90976
2021-2022,26,MI,kindergarten,8012
2021-2022,27,MN,grade_1,6462
2021-2022,27,MN,grade_10,4264
2021-2022,27,MN,grade_11,4161
2021-2022,27,MN,grade_12,4033
2021-2022,27,MN,grade_2,6195
2021-2022,27,MN,grade_3,6022
2021-2022,27,MN,grade_4,5843
2021-2022,27,MN,grade_5,5671
2021-2022,27,MN,grade_6,5591
2021-2022,27,MN,grade_7,5362
2021-2022,27,MN,grade_8,5233
2021-2022,27,MN,grade_9,4364
2021-2022,27,MN,k_12_total,69971
2021-2022,27,MN,kindergarten,6770
2021-2022,30,MT,k_12_total,8634
2021-2022,30,MT,kindergarten,NA
2021-2022,30,MT,ungraded_elementary_middle,6841
2021-2022,30,MT,ungraded_high_school,1793
2021-2022,31,NE,grade_1,2771
2021-2022,31,NE,grade_10,2150
2021-2022,31,NE,grade_11,2280
2021-2022,31,NE,grade_12,2225
2021-2022,31,NE,grade_2,2819
2021-2022,31,NE,grade_3,2816
2021-2022,31,NE,grade_4,2623
2021-2022,31,NE,grade_5,2606
2021-2022,31,NE,grade_6,2584
2021-2022,31,NE,grade_7,2496
2021-2022,31,NE,grade_8,2564
2021-2022,31,NE,grade_9,2163
2021-2022,31,NE,k_12_total,33028
2021-2022,31,NE,kindergarten,2931
2021-2022,32,NV,grade_1,2018
2021-2022,32,NV,grade_10,1303
2021-2022,32,NV,grade_11,1270
2021-2022,32,NV,grade_12,1098
2021-2022,32,NV,grade_2,1817
2021-2022,32,NV,grade_3,1762
2021-2022,32,NV,grade_4,1648
2021-2022,32,NV,grade_5,1629
2021-2022,32,NV,grade_6,1624
2021-2022,32,NV,grade_7,1543
2021-2022,32,NV,grade_8,1463
2021-2022,32,NV,grade_9,1504
2021-2022,32,NV,k_12_total,20893
2021-2022,32,NV,kindergarten,2214
2021-2022,33,NH,elementary_special_education,401
2021-2022,33,NH,grade_1,868
2021-2022,33,NH,grade_10,1773
2021-2022,33,NH,grade_11,1967
2021-2022,33,NH,grade_12,1923
2021-2022,33,NH,grade_2,804
2021-2022,33,NH,grade_3,790
2021-2022,33,NH,grade_4,765
2021-2022,33,NH,grade_5,851
2021-2022,33,NH,grade_6,879
2021-2022,33,NH,grade_7,911
2021-2022,33,NH,grade_8,990
2021-2022,33,NH,grade_9,1601
2021-2022,33,NH,k_12_total,15926
2021-2022,33,NH,kindergarten,904
2021-2022,33,NH,secondary_special_education,461
2021-2022,33,NH,ungraded_elementary,13
2021-2022,33,NH,ungraded_secondary,25
2021-2022,34,NJ,grade_1,11929
2021-2022,34,NJ,grade_10,12290
2021-2022,34,NJ,grade_11,12145
2021-2022,34,NJ,grade_12,11698
2021-2022,34,NJ,grade_2,11515
2021-2022,34,NJ,grade_3,11230
2021-2022,34,NJ,grade_4,10830
2021-2022,34,NJ,grade_5,10948
2021-2022,34,NJ,grade_6,10960
2021-2022,34,NJ,grade_7,11101
2021-2022,34,NJ,grade_8,11165
2021-2022,34,NJ,grade_9,12598
2021-2022,34,NJ,k_12_total,152311
2021-2022,34,NJ,kindergarten,13769
2021-2022,34,NJ,ungraded_total,133
2021-2022,36,NY,grade_1,28020
2021-2022,36,NY,grade_10,30096
2021-2022,36,NY,grade_11,29567
2021-2022,36,NY,grade_12,28470
2021-2022,36,NY,grade_2,27564
2021-2022,36,NY,grade_3,27226
2021-2022,36,NY,grade_4,26724
2021-2022,36,NY,grade_5,26994
2021-2022,36,NY,grade_6,28493
2021-2022,36,NY,grade_7,28446
2021-2022,36,NY,grade_8,28214
2021-2022,36,NY,grade_9,31668
2021-2022,36,NY,k_12_total,382510
2021-2022,36,NY,kindergarten_full_day,31656
2021-2022,36,NY,kindergarten_half_day,849
2021-2022,36,NY,ungraded_elementary,3730
2021-2022,36,NY,ungraded_secondary,4793
2021-2022,37,NC,grade_1,9771
2021-2022,37,NC,grade_10,7674
2021-2022,37,NC,grade_11,7185
2021-2022,37,NC,grade_12,6875
2021-2022,37,NC,grade_2,9335
2021-2022,37,NC,grade_3,9232
2021-2022,37,NC,grade_4,8953
2021-2022,37,NC,grade_5,9104
2021-2022,37,NC,grade_6,9528
2021-2022,37,NC,grade_7,9346
2021-2022,37,NC,grade_8,9281
2021-2022,37,NC,grade_9,8183
2021-2022,37,NC,k_12_total,115311
2021-2022,37,NC,kindergarten,10844
2021-2022,38,ND,grade_1 ,872
2021-2022,38,ND,grade_10 ,454
2021-2022,38,ND,grade_11 ,397
2021-2022,38,ND,grade_12 ,398
2021-2022,38,ND,grade_2 ,815
2021-2022,38,ND,grade_3 ,802
2021-2022,38,ND,grade_4 ,755
2021-2022,38,ND,grade_5 ,707
2021-2022,38,ND,grade_6 ,630
2021-2022,38,ND,grade_7 ,564
2021-2022,38,ND,grade_8 ,579
2021-2022,38,ND,grade_9 ,524
2021-2022,38,ND,k_12_total,8463
2021-2022,38,ND,kindergarten,966
2021-2022,39,OH,grade_1,13714
2021-2022,39,OH,grade_10,12255
2021-2022,39,OH,grade_11,11789
2021-2022,39,OH,grade_12,11568
2021-2022,39,OH,grade_2,13448
2021-2022,39,OH,grade_3,13079
2021-2022,39,OH,grade_4,13096
2021-2022,39,OH,grade_5,12801
2021-2022,39,OH,grade_6,12559
2021-2022,39,OH,grade_7,12680
2021-2022,39,OH,grade_8,12498
2021-2022,39,OH,grade_9,12638
2021-2022,39,OH,k_12_total,167395
2021-2022,39,OH,kindergarten,15270
2021-2022,42,PA,grade_1,16659
2021-2022,42,PA,grade_10,13460
2021-2022,42,PA,grade_11,13246
2021-2022,42,PA,grade_12,13327
2021-2022,42,PA,grade_2,16097
2021-2022,42,PA,grade_3,15675
2021-2022,42,PA,grade_4,15345
2021-2022,42,PA,grade_5,15285
2021-2022,42,PA,grade_6,15514
2021-2022,42,PA,grade_7_elementary,15173
2021-2022,42,PA,grade_8_elementary,15215
2021-2022,42,PA,grade_9,13744
2021-2022,42,PA,grade_K4,0
2021-2022,42,PA,grade_K5,18213
2021-2022,42,PA,k_12_total,211201
2021-2022,42,PA,ungraded_elementary,867
2021-2022,42,PA,ungraded_secondary,13381
2021-2022,44,RI,grade_1,849
2021-2022,44,RI,grade_10,1517
2021-2022,44,RI,grade_11,1454
2021-2022,44,RI,grade_12,1578
2021-2022,44,RI,grade_2,802
2021-2022,44,RI,grade_3,845
2021-2022,44,RI,grade_4,854
2021-2022,44,RI,grade_5,925
2021-2022,44,RI,grade_6,1076
2021-2022,44,RI,grade_7,1096
2021-2022,44,RI,grade_8,1211
2021-2022,44,RI,grade_9,1472
2021-2022,44,RI,k_12_total,14727
2021-2022,44,RI,kindergarten,1048
2021-2022,45,SC,grade_1,2529
2021-2022,45,SC,grade_10,2011
2021-2022,45,SC,grade_11,1937
2021-2022,45,SC,grade_12,1778
2021-2022,45,SC,grade_2,2278
2021-2022,45,SC,grade_3,2316
2021-2022,45,SC,grade_4,2247
2021-2022,45,SC,grade_5,2148
2021-2022,45,SC,grade_6,2304
2021-2022,45,SC,grade_7,2349
2021-2022,45,SC,grade_8,2370
2021-2022,45,SC,grade_9,2221
2021-2022,45,SC,k_12_total,37311
2021-2022,45,SC,kindergarten,3076
2021-2022,45,SC,ungraded_total,387
2021-2022,46,SD,grade_1,1139
2021-2022,46,SD,grade_10,985
2021-2022,46,SD,grade_11,974
2021-2022,46,SD,grade_12,1002
2021-2022,46,SD,grade_2,1264
2021-2022,46,SD,grade_3,1151
2021-2022,46,SD,grade_4,1130
2021-2022,46,SD,grade_5,1152
2021-2022,46,SD,grade_6,1053
2021-2022,46,SD,grade_7,1096
2021-2022,46,SD,grade_8,1132
2021-2022,46,SD,grade_9,1254
2021-2022,46,SD,k_12_total,14531
2021-2022,46,SD,kindergarten,1199
2021-2022,47,TN,k_12_total,98452
2021-2022,48,TX,k_12_total,268752
2021-2022,50,VT,k_12_total,8966
2021-2022,53,WA,grade_1,7209
2021-2022,53,WA,grade_10,4668
2021-2022,53,WA,grade_11,4416
2021-2022,53,WA,grade_12,4253
2021-2022,53,WA,grade_2,6635
2021-2022,53,WA,grade_3,6369
2021-2022,53,WA,grade_4,6230
2021-2022,53,WA,grade_5,6135
2021-2022,53,WA,grade_6,6531
2021-2022,53,WA,grade_7,6078
2021-2022,53,WA,grade_8,6012
2021-2022,53,WA,grade_9,5233
2021-2022,53,WA,k_12_total,88058
2021-2022,53,WA,kindergarten,7976
2021-2022,54,WV,k_12_total,11769
2021-2022,55,WI,grade_1,9830
2021-2022,55,WI,grade_10,6220
2021-2022,55,WI,grade_11,5726
2021-2022,55,WI,grade_12,5567
2021-2022,55,WI,grade_2,9490
2021-2022,55,WI,grade_3,9383
2021-2022,55,WI,grade_4,9313
2021-2022,55,WI,grade_5,9046
2021-2022,55,WI,grade_6,9075
2021-2022,55,WI,grade_7,8910
2021-2022,55,WI,grade_8,9077
2021-2022,55,WI,grade_9,6802
2021-2022,55,WI,k_12_total,116969
2021-2022,55,WI,kindergarten,9817
2021-2022,55,WI,kindergarten_4,8164
2021-2022,55,WI,ungraded_elementary,545
2021-2022,55,WI,ungraded_secondary,4